post_id,caption,timestamp,year,month,is_weekend,hour_band,hour,n_C1_pre,n_non_C1_pre,share_C1_pre,topic,media_type,mentions_alice,mentions_guglielmo,mentions_aimone,mentions_claudio,mentions_roccotnl,mentions_lollobarollo1,mentions_biancabalti,mentions_le_endrigoband,mentions_carlocracco,mentions_alecattelan,mentions_pablotrincia,mentions_dario_moccia,mentions_paolo_nori,mentions_mr_marra,mentions_creators,mentions_famous,has_mentions,is_adv,is_supplied,is_gifted,is_sanremo,caption_length,line_break_count,avg_words_per_sentence,exclamation_marks,question_marks,has_love_emoji,has_lol_emoji,has_shine_emoji,has_emoji,posting_frequency_last7d,days_since_last_post,days_since_last_adv,adv_density_last30d,same_topic_last_10posts,mentions_brand,mentions_other_people,mentions_singer,mentions_fashion,has_call_to_action,is_ironic,video_duration,n_hashtags,n_mentions,audio_type,tagged_usernames,tagged_user_id,coauthors,coauthor_ids,sponsor_usernames,location_name,location
17941939319341563,Pronta a fissarmi goal irraggiungibili anche questo gennaio cosí da deludere me stessa anche nel bilancio del prossimo dicembre alimentando di conseguenza uno splendido circolo vizioso di frustrazione che mi porterà a credermi incapace di portare a termine i miei obiettivi😁😁 e voi? Come avete iniziato l’anno?   #newyear #goodintentions #goodresolutions,2023-01-02 11:53:19,2023,1,False,morning,11,22,47,0.3188405797101449,Reflections,VIDEO_REELS,False,False,False,False,False,False,False,False,False,False,False,False,False,False,False,False,False,False,False,False,False,354,0,16.666666666666668,0,2,False,False,False,2,0,4.016724537037037,13.792754629629629,3,0,False,False,False,False,1,1,5.777999877929688,3.0,0.0,original_sounds,[],[],[],[],[],,no
18018137773483891,Secondo voi chi è che per la seconda volta consecutiva è venuta in Umbria lasciando i farmaci per l’emicrania a Monza? E perchè proprio quella cogliona immonda di me stessa? 😁  Comunque Assisi sempre sconvolgente.,2023-01-04 11:26:30,2023,1,False,morning,11,16,28,0.3636363636363636,Private Life,CAROUSEL,False,False,False,False,False,False,False,False,False,False,False,False,False,False,False,False,False,False,False,False,False,213,0,11.333333333333334,0,2,False,False,False,1,1,1.9813773148148148,15.774131944444443,3,1,False,False,False,False,1,1,,0.0,0.0,,[],[],[],[],[],"Assisi, Italy",real
17949420668402803,Spero di essere stata chiara.,2023-01-05 14:11:43,2023,1,False,afternoon,14,85,156,0.3526970954356846,Relatable Comedy,VIDEO_REELS,False,False,False,False,False,False,False,False,False,False,False,False,False,False,False,False,False,False,False,False,False,29,0,5.0,0,0,False,False,False,0,2,1.1147337962962962,16.88886574074074,2,3,False,False,False,False,0,1,22.474000930786133,0.0,0.0,original_sounds,[],[],[],[],[],,no
17990632783709032,Cosa c’era in quella pasta? Ipotesi nei commenti,2023-01-11 14:57:23,2023,1,False,afternoon,14,88,209,0.2962962962962963,Food,VIDEO_REELS,False,False,False,False,False,False,False,False,False,False,False,False,False,False,False,False,False,False,False,False,False,48,0,4.0,0,1,False,False,False,0,1,6.031712962962963,22.920578703703704,1,1,False,False,False,False,1,1,72.83300018310547,0.0,0.0,original_sounds,[],[],[],[],[],,no
18212975044200912,Vorrei essere una persona più matura di una che come caption a queste foto mette che due palle ma non lo sono scusatemi.,2023-01-13 13:43:58,2023,1,True,afternoon,13,10,21,0.3225806451612903,Community,CAROUSEL,False,True,False,True,False,False,False,False,False,False,False,False,False,False,False,False,False,False,False,False,False,120,0,23.0,0,0,False,False,False,0,1,1.949016203703704,24.869594907407407,1,1,False,False,False,False,0,1,,0.0,0.0,,['claudiodibiagio' 'guglielmoscilla'],['5160149' '10279523'],[],[],[],Balloon Museum,real
18043694491404945,"Los Angeles giorno 1:  - riabbracciata amica dolcissima - mangiato un hamburger SPEZIIALE  - speso soldi in vinili  - non capito che in Italia sono 9 ore avanti, continuo a pensare sei, infatti boh forse nessuno vedrà questo post chi può dirlo  - capito definitivamente che Los Angeles non é Miami, qui a gennaio fa freddo. Nessuna barbabietola da zucchero coltivata, quindi la mia conoscenza geografica di questo territorio riceve voto uno al due.",2023-01-17 19:32:37,2023,1,False,evening,19,30,27,0.5263157894736842,Food,CAROUSEL,False,False,True,False,False,False,True,False,False,False,False,False,False,False,False,True,False,False,False,False,False,448,0,34.5,0,0,False,False,False,0,2,4.242118055555555,29.11171296296296,1,2,False,False,False,False,0,1,,0.0,0.0,,['biancabalti' 'aimoneromizi'],['1403851684' '5786712837'],[],[],[],Los Angeles,real
18039418447416621,Pronta per insegnare agli angeli come non si cammina sugli stivali.   Total look: @roberto_cavalli  Stylist: @annapastore,2023-01-18 07:48:28,2023,1,False,morning,7,121,171,0.4143835616438356,Beauty & Fashion,VIDEO_REELS,False,False,False,False,False,False,False,False,False,False,False,False,False,False,False,False,True,False,False,False,False,121,0,8.0,0,0,False,False,False,0,3,0.5110069444444445,29.622719907407408,1,0,False,False,False,False,0,1,8.937999725341797,0.0,2.0,licensed_music,[],[],[],[],[],,no
17983123990858294,"Ecco la mise en place di stasera per il red carpet.  Il tema era tropical, io palese lanciata tra le tigri uscita capotrudy.   Styling: @annapastore  Dress and earrings: @roberto_cavalli  Shoes: @casadeiofficial   (All suppliedby)",2023-01-19 07:30:42,2023,1,False,morning,7,153,236,0.3933161953727506,Beauty & Fashion,VIDEO_REELS,False,False,False,False,False,False,False,False,False,False,False,False,False,False,False,False,True,False,True,False,False,230,0,11.0,0,0,False,False,False,0,3,0.987662037037037,30.610381944444445,0,1,False,False,False,False,0,1,15.182000160217283,0.0,3.0,licensed_music,[],[],[],[],[],,no
17994199774641109,"Finisce la nostra avventura a LA, inutile dire che agli studios mi sono quasi messa a piangere dall’emozione entrando nella parte dedicata a Harry Potter. È inutile negarlo, gli americani sono davvero i capi dell’entertainment e io sono una schiava felice delle loro attrazioni😂",2023-01-20 20:28:36,2023,1,True,evening,20,22,35,0.3859649122807017,Reflections,CAROUSEL,False,False,False,False,False,False,False,False,False,False,False,False,False,False,False,False,False,False,False,False,False,278,0,22.0,0,0,False,True,False,1,3,1.5402083333333334,32.15059027777778,0,1,False,False,False,False,0,1,,0.0,0.0,,[],[],[],[],[],Universal Studios Hollywood,real
17938359362601933,E il vostro come procede?,2023-01-23 11:54:40,2023,1,False,morning,11,62,87,0.4161073825503356,Relatable Comedy,VIDEO_REELS,False,False,False,False,False,False,False,False,False,False,False,False,False,False,False,False,False,False,False,False,False,25,0,5.0,0,1,False,False,False,0,4,2.643101851851852,34.793692129629626,0,2,False,False,False,False,1,1,9.23799991607666,0.0,0.0,original_sounds,[],[],[],[],[],,no
18068268502357861,Mi avete chiesto alla fine come fosse venuto quel reel rallenty che ci avevano fatto alla premiere! Cosí! 🥰,2023-01-26 13:41:29,2023,1,False,afternoon,13,99,208,0.3224755700325732,Community,VIDEO_REELS,False,False,True,False,False,False,False,False,False,False,False,False,False,False,False,False,False,False,False,False,False,107,0,9.0,2,0,False,False,False,1,2,3.0741782407407405,37.86787037037037,0,1,False,False,False,False,0,0,4.349999904632568,0.0,0.0,licensed_music,['aimoneromizi'],['5786712837'],[],[],[],,no
18065577148361100,"Gennaio è sempre un mese di programmazione, si pensa a quali obiettivi sarebbe bello raggiungere, su quali progetti iniziare a lavorare, cosa scartare dell’anno precedente e cosa invece portare avanti.  Ho in cantiere tante cose, alcune su cui abbiamo già iniziato a lavorare, altre di cui in questi giorni stiamo posando i primi mattoncini. Cosa vi piacerebbe vedere questo 2023 su questi canali (non per forza solo ig obv)?! 🫶🏻",2023-01-27 13:15:43,2023,1,True,afternoon,13,61,78,0.4388489208633093,Reflections,CAROUSEL,False,False,False,False,False,False,False,False,False,False,False,False,False,False,False,False,False,False,False,False,False,428,0,23.0,1,1,True,False,False,1,3,0.9821064814814816,38.84997685185185,0,1,False,False,False,True,1,0,,0.0,0.0,,['martinamariottiph'],['23910055'],[],[],[],,no
17928394643634809,"Camioc per il sociale oggi presenta:  DIVENTARE GRANDI EP. 1 Dove si smaltiscono i rifiuti tossici? (Vernici, pitture, roba infiammabile PERICULOSA). Scopriamolo insieme.",2023-01-29 12:45:28,2023,1,True,afternoon,12,11,30,0.2682926829268293,Private Life,VIDEO_REELS,False,False,False,False,False,False,False,False,False,False,False,False,False,False,False,False,False,False,False,False,False,170,0,5.75,0,1,False,False,False,0,3,1.9789930555555555,40.828969907407405,0,0,False,False,False,False,0,1,39.03300094604492,0.0,0.0,original_sounds,[],[],[],[],[],,no
18030643642415463,Ci siamo tenute l’acqua in bocca fino a ora. LETTERALMENTE.  Ma adesso possiamo dirvelo: anche quest’anno saremo il podcast ufficiale del Festival di Sanremo per @spotifyitaly !  Nelle storie tutti i dettagli.,2023-01-30 16:39:29,2023,1,False,afternoon,16,54,68,0.4426229508196721,Podcast,VIDEO_REELS,True,False,False,False,False,False,False,False,False,False,False,False,False,False,False,False,True,False,False,False,True,209,0,7.75,1,0,False,False,False,0,3,1.162511574074074,41.99148148148148,0,0,False,False,False,False,0,0,53.86600112915039,0.0,1.0,original_sounds,['alicelikeaudrey'],['2452651'],['alicelikeaudrey'],['2452651'],[],,no
17873865911824448,"Ed eccomi qua pronta per essere la vostra Xeena dell’intrattenimento ma con meno boobs: quando non sapete cosa guardare su @primevideoit vi ho fatto una piccola lista di 5 film e 5 serie tv che ho amato e che secondo me non potete perdervi! Se doveste fare la vostra, quali serie tv/film presenti su prime video inserireste? ❤️ #adv",2023-02-03 16:08:04,2023,2,True,afternoon,16,13,47,0.2166666666666666,Cinema & TV,CAROUSEL,False,False,False,False,False,False,False,False,False,False,False,False,False,False,False,False,True,True,False,False,False,331,0,19.666666666666668,1,1,True,False,False,1,2,3.9781828703703694,45.969664351851854,0,0,False,False,False,False,1,1,,1.0,1.0,,[],[],[],[],[],,no
17970585251113615,"Ciao a tutte e tutti :)  Grazie per i messaggi di questi giorni, ogni tanto capita che io mi dimentichi quanto questo social possa far sentire vicine le persone, ma voi me lo ricordate puntualmente. Come avrete capito non sono giorni facilissimi, il dolore va e viene e anche se tutti mi dicono di non pensarci è molto difficile non pensare a qualcosa che ti fa male. È come se ti dicessero di non pensare a un livido quando qualcuno te lo schiaccia tutto il giorno. Ho fatto le analisi del sangue, stiamo capendo se i valori sono nella norma. Se fosse tutto ok, per questa tricodinia rimarrebbe solo lo stress come unica causa e allora dovró modificare qualcosa nella mia vita. Forse il mio corpo mi sta parlando e devo dargli ascolto. Cerco di ricaricarmi questo week end per affrontare la settimana di Sanremo al meglio, scusate se nelle settimane o mesi a venire non sarò sempre al top, o sarò un po’ assente se ne sentiró l’esigenza, ma credo che il benessere mentale sia importante tanto quanto quello fisico, perchè se trascurato prima o poi viene a bussare alla porta. Vi voglio bene e vi auguro un buon week end❤️",2023-02-04 12:06:49,2023,2,True,afternoon,12,136,360,0.2741935483870967,Podcast,IMAGE,False,False,False,False,False,False,False,False,False,False,False,False,False,False,False,False,False,False,False,False,True,1121,0,25.125,0,0,True,False,False,1,3,0.8324652777777778,0.8324652777777778,1,1,False,False,False,False,1,1,,0.0,0.0,,[],[],[],[],[],,no
17964434840215614,"Remember Terry e Maggie, the cartoon?  These are Terry e Maggie now.  Feel old yet?   #happybirthdayAlice #33",2023-02-05 12:26:54,2023,2,True,afternoon,12,23,33,0.4107142857142857,Private Life,IMAGE,True,False,False,False,False,False,False,False,False,False,False,False,False,False,False,False,False,False,False,False,False,109,0,4.25,0,2,False,False,False,0,4,1.0139467592592593,1.846412037037037,1,1,False,False,False,False,0,1,,2.0,0.0,,['alicelikeaudrey'],['2452651'],[],[],[],,no
17988342841833859,#Sanremo giorno 1: ecco gli artisti in gara che abbiamo intervistato e che troverete su @spotifyitaly nella puntata di Tutte le volte domani mattina! 🫶🏻,2023-02-07 18:41:30,2023,2,False,evening,18,18,35,0.3396226415094339,Podcast,CAROUSEL,True,False,False,False,False,False,False,False,False,False,False,False,False,False,False,False,True,False,False,False,True,151,0,24.0,1,0,True,False,False,1,3,2.2601388888888887,4.106550925925926,1,2,True,False,True,False,0,1,,1.0,1.0,,"['alicelikeaudrey' 'colapesce' 'j.axofficial' 'dimartinoofficial'
 'thelazzinho' 'showreel_agency' 'showreel_factory' 'dj_jad_il_sarto'
 'tananaimusica']","['2452651' '17577894' '20563153' '193873847' '254581552' '1651070153'
 '2288459744' '3277838065' '8554605835']",['alicelikeaudrey'],['2452651'],[],Sanremo,real
17981476225909921,"Un assaggio delle novità che abbiamo introdotto a Tutte le volte che Sanremo ediscio è “tutte le carte che”. Suggeriteci nuove domande da fare agli artisti,  “con chi faresti……?”  Scrivetecele sotto! #sanremo2023",2023-02-08 14:48:08,2023,2,False,afternoon,14,7,19,0.2692307692307692,Podcast,VIDEO_REELS,True,False,False,False,False,False,False,False,False,False,False,False,False,False,False,False,False,False,False,False,True,212,0,8.0,1,1,False,False,False,0,4,0.8379398148148148,4.944490740740741,1,3,False,False,True,False,1,1,60.33300018310547,1.0,0.0,original_sounds,"['alicelikeaudrey' 'colapesce' 'j.axofficial' 'dimartinoofficial'
 'thelazzinho' 'dj_jad_il_sarto' 'tananaimusica']","['2452651' '17577894' '20563153' '193873847' '254581552' '3277838065'
 '8554605835']",['alicelikeaudrey'],['2452651'],[],,no
17842069565943166,Spoilerino di alcune delle interviste che troverete nella puntata di domani di Tutte le volte che.  Qual è l’esibizione che non vedete l’ora di vedere stasera?  #sanremo2023,2023-02-08 18:24:04,2023,2,False,evening,18,15,26,0.3658536585365853,Podcast,CAROUSEL,True,False,False,False,False,False,False,False,False,False,False,False,False,False,False,False,False,False,False,False,False,173,0,9.0,0,1,False,False,False,0,5,0.1499537037037037,5.094444444444444,1,4,False,False,True,False,1,0,,1.0,0.0,,['alicelikeaudrey' 'paolaiezzireal' 'will_buse' 'modaufficiale'],['2452651' '291126005' '519508960' '2263100022'],['alicelikeaudrey'],['2452651'],[],Sanremo,real
17978655886989731,Il mondo della danza sa.   #sanremo2023,2023-02-09 11:23:13,2023,2,False,morning,11,43,112,0.2774193548387096,Culture,VIDEO_REELS,True,False,False,False,False,False,False,False,False,False,False,False,False,False,False,False,False,False,False,False,False,39,0,3.0,0,0,False,False,False,0,6,0.7077430555555555,5.8021875,1,0,False,False,True,False,0,1,23.433000564575195,1.0,0.0,licensed_music,['alicelikeaudrey' 'paolaiezzireal' 'chiaraiezzi_official'],['2452651' '291126005' '577867000'],['alicelikeaudrey'],['2452651'],[],,no
18277000384104491,Spoilerini delle interviste che troverete domani mattina nella puntata di Tutte le volte che❤️ ora che avete sentito tutti cantare vogliamo i vostri podi!,2023-02-09 16:24:14,2023,2,False,afternoon,16,13,19,0.40625,Podcast,CAROUSEL,True,False,False,False,False,False,False,False,False,False,False,False,False,False,False,False,False,False,False,False,False,153,0,24.0,1,0,True,False,False,1,7,0.2090393518518518,6.011226851851852,1,5,False,False,True,False,1,0,,0.0,0.0,,"['alicelikeaudrey' 'coma_cose' 'mrrainofficial' 'lucadalessio_real'
 'ggianmarja' 'sethuisinhell']",['2452651' '40858370' '196299084' '1246673373' '1512008629' '8166427604'],['alicelikeaudrey'],['2452651'],[],,no
18197620942216932,Di quando sul green carpet dell’Ariston ospiti di @veralab ci siamo sentiti per un attimo il cast di una serie tv di intrighi e tradimenti.  È stato bellissimo.  #adv   Dress @luisabeccaria  Shoes @renecaovilla  Styled by @annapastore,2023-02-10 13:05:33,2023,2,True,afternoon,13,126,360,0.2592592592592592,Beauty & Fashion,CAROUSEL,True,True,False,False,False,False,False,False,False,False,False,False,False,False,True,False,True,True,False,False,False,234,0,12.0,0,0,False,False,False,0,8,0.862025462962963,6.873252314814815,1,0,False,False,False,False,0,1,,1.0,4.0,,['dariohead' 'alicelikeaudrey' 'guglielmoscilla' 'stephanieglitter'],['249363' '2452651' '10279523' '288677363'],[],[],[],,no
17973127895034851,Come di consueto: spoilerini della puntata di domani! Quale duetto non vedete l’ora di ascoltare stasera? 🫶🏻 #sanremo2023,2023-02-10 17:37:07,2023,2,True,afternoon,17,14,21,0.4,Podcast,CAROUSEL,True,False,False,False,False,False,False,False,False,False,False,False,False,False,False,False,False,False,False,False,False,120,0,5.666666666666667,1,1,True,False,False,1,8,0.1885879629629629,0.1885879629629629,2,6,False,False,True,False,1,0,,1.0,0.0,,"['alicelikeaudrey' 'rosevillain' 'levanteofficial' 'naliannalisa'
 'collazio']",['2452651' '7965593' '19375325' '190137045' '13585380826'],['alicelikeaudrey'],['2452651'],[],,no
18344831218033617,"Ultimi ospiti di questa bellissima settimana, le loro interviste le troverete nella puntata di domani! Ormai li avete sentiti tutti piú volte: vogliamo il vostro vincitore qua sotto! 🫶🏻 #sanremo2023",2023-02-11 19:14:25,2023,2,True,evening,19,13,43,0.2321428571428571,Podcast,CAROUSEL,True,False,False,False,False,False,False,False,False,False,False,False,False,False,False,False,False,False,False,False,False,197,0,9.666666666666666,2,0,True,False,False,1,8,1.0675694444444443,1.2561574074074071,2,6,False,False,True,False,1,0,,1.0,0.0,,"['alicelikeaudrey' 'olly_nclusive' 'leogass.official' 'sharinoioso'
 'aew.manuelagnelli' 'iosonoariete']",['2452651' '268011624' '375025173' '439853038' '9489453049' '15880935410'],['alicelikeaudrey'],['2452651'],[],Sanremo,real
18004679095580913,"Lasciatemi fare un ultimo post sanremese per ringraziarvi.  È stata una settimana intensa e bellissima, ma se è potuta esistere è solo grazie a voi e al vostro supporto.  Dietro questa avventura ci sono tantissime persone pazzesche: una la vedete sempre ed è @helio83 , altre le vetete meno ma hanno lavorato ogni notte fino all’alba per montare le puntate: @matteograsso28 @giuliatarsitano @grossi__m ❤️  A presto Sanremo, speriamo di rivederci!",2023-02-13 14:14:47,2023,2,False,afternoon,14,26,31,0.4561403508771929,Culture,CAROUSEL,True,False,False,False,False,False,False,False,False,False,False,False,False,False,False,False,True,False,False,False,True,445,0,22.666666666666668,1,0,True,False,False,1,8,1.7919212962962965,3.048078703703704,2,1,False,True,False,False,1,1,,0.0,4.0,,['heliodinardo' 'alicelikeaudrey'],['1587576' '2452651'],[],[],[],,no
18252278215180179,"Tenete duro amiche e amici in sessione, sto lavorando per voi.",2023-02-15 10:49:29,2023,2,False,morning,10,42,136,0.2359550561797752,Private Life,VIDEO_REELS,False,False,False,False,False,False,False,False,False,False,False,False,False,False,False,False,False,False,False,False,False,62,0,11.0,0,0,False,False,False,0,8,1.857430555555556,4.905509259259259,2,1,False,False,False,False,1,1,84.03299713134766,0.0,0.0,original_sounds,[],[],[],[],[],,no
17872395110837966,Un vecchio ma sempiterno reminder con cui vi auguro un fantastico week end. Linea allo studio,2023-02-18 11:40:19,2023,2,True,morning,11,27,74,0.2673267326732673,Relatable Comedy,VIDEO_REELS,False,False,False,False,False,False,False,False,False,False,False,False,False,False,False,False,False,False,False,False,False,93,0,8.0,0,0,False,False,False,0,3,3.035300925925926,7.940810185185185,2,0,False,False,False,False,0,1,19.232999801635746,0.0,0.0,original_sounds,[],[],[],[],[],,no
17987000992870679,"Annunciazione annunciazione: è con immenso piacere che vi comunico che su youtube (link nelle storie) sono uscite le interviste che ho fatto a tutto il cast della seconda stagione di Dinner club su @primevideoit . Abbiamo riso molto, vi sfido a indovinare in meno tempo di me quale animale mi stesse imitando Carlo Cracco. Aggiornatemi sul vostro tempo e facciamoci una classifica. #DinnerClub2 #Adv",2023-02-22 13:23:25,2023,2,False,afternoon,13,21,63,0.25,YouTube,VIDEO_REELS,False,False,False,False,False,False,False,False,False,False,False,False,False,False,False,False,True,True,False,False,False,399,0,15.75,0,0,False,False,False,0,1,4.071597222222223,12.012407407407409,2,0,True,False,False,False,1,1,55.93299865722656,2.0,1.0,original_sounds,['primevideoit'],['4168387559'],['primevideoit'],['4168387559'],[],,no
17994201250703567,Palesemente ammessi al serale.,2023-02-25 13:11:38,2023,2,True,afternoon,13,113,529,0.17601246105919,Relatable Comedy,VIDEO_REELS,False,True,False,False,False,False,False,False,False,False,False,False,False,False,False,False,False,False,False,False,False,30,0,4.0,0,0,False,False,False,0,1,2.991817129629629,2.991817129629629,3,1,False,False,False,False,0,1,9.30799961090088,0.0,0.0,original_sounds,['guglielmoscilla'],['10279523'],['guglielmoscilla'],['10279523'],[],,no
17966753330260276,Ieri abbiamo finito di girare la seconda stagione di @ilmondodialetheia.  Ci siamo letteralmente chiusi per giorni all’interno di una storia e di un mondo incredibile che non vediamo l’ora di raccontarvi e a cui speriamo vi appassionerete. D&d è veramente un gioco senza eguali a cui ricollegheró per sempre ricordi preziosi. Cosa avrà combinato Luthien a sto giro? Avrà avuto qualche tipo di problema? Stay tuned❤️,2023-03-02 11:47:43,2023,3,False,morning,11,12,15,0.4444444444444444,Games,IMAGE,False,True,False,True,False,False,False,False,False,False,False,False,False,False,False,False,True,False,False,False,False,414,0,11.166666666666666,0,2,True,False,False,1,1,4.941724537037037,7.933541666666667,3,0,True,True,False,False,1,1,,0.0,1.0,,"['claudiodibiagio' 'adrianosantucci' 'guglielmoscilla' 'paolopiez'
 'martinapermegian' 'il_macchione_umbria' 'nomanamusic'
 'ilmondodialetheia' 'azzurra_cafaro']","['5160149' '6595036' '10279523' '30910201' '291128834' '19081555289'
 '37490159525' '46262454669' '47336635751']",[],[],[],Casa vacanze Il Macchione Romizi,real
18177143005264410,Scusate il ritardo: ecco il backstage.,2023-03-03 13:50:14,2023,3,True,afternoon,13,52,112,0.3170731707317073,Relatable Comedy,VIDEO_REELS,False,True,False,False,False,False,False,False,False,False,False,False,False,False,False,False,False,False,False,False,False,38,0,6.0,0,0,False,False,False,0,2,1.0850810185185185,9.018622685185186,3,2,False,False,False,False,0,1,173.63299560546875,0.0,0.0,original_sounds,['guglielmoscilla'],['10279523'],[],[],[],,no
17953465682521523,Oggi nelle storie ho risposto a un po’ di domande frequenti❤️ se vi va fateci un salto! Buona domenica a tutti🫶🏻,2023-03-05 13:14:38,2023,3,True,afternoon,13,27,27,0.5,Private Life,IMAGE,False,False,False,False,False,False,False,False,False,False,False,False,False,False,False,False,False,False,False,False,False,110,0,10.5,1,0,True,False,False,2,2,1.9752777777777777,10.993900462962962,3,1,False,False,False,False,0,0,,0.0,0.0,,[],[],[],[],[],,no
17878009394831830,Sincera raga: son qui per fare gli auguri alle donne con la d minuscola perchè poracce le divide n’caps lock da sta benedetta mimosa e nnamo su fatevi sentire,2023-03-08 11:20:46,2023,3,False,morning,11,31,30,0.5081967213114754,Private Life,IMAGE,False,False,False,False,False,False,False,False,False,False,False,False,False,False,False,False,False,False,False,False,False,158,0,29.0,0,0,False,False,False,0,3,2.920925925925926,13.914826388888889,2,2,False,False,False,False,0,1,,0.0,0.0,,[],[],[],[],[],D...Come Domodossola,real
17950365644368084,"Da tutta italia per festeggiare l’unico e solo @helio83, che molto prima di essere la persona con cui lavoro accanto ogni giorno dal 2015, è un amico stupendo. ❤️",2023-03-12 15:18:08,2023,3,True,afternoon,15,4,7,0.3636363636363636,Private Life,CAROUSEL,True,False,True,False,False,False,False,False,False,False,False,False,False,False,False,False,True,False,False,False,False,161,0,28.0,0,0,True,False,False,1,1,4.164837962962963,18.079664351851854,1,3,False,True,False,False,0,0,,0.0,1.0,,"['marzers' 'silviess' 'heliodinardo' 'alicelikeaudrey' 'purplehaze85'
 'silviagianatti' 'chiara.maroncelli' 'aimoneromizi']","['8267' '738222' '1587576' '2452651' '8412330' '9105049' '410265591'
 '5786712837']",[],[],[],"Rome, Italy",real
17876352020836242,Pollo limone e rosmarino: praticamente il tutorial su come respirare ma vabbè,2023-03-13 10:51:39,2023,3,False,morning,10,61,173,0.2606837606837607,Relatable Comedy,VIDEO_REELS,False,False,False,False,False,False,False,False,False,False,False,False,False,False,False,False,False,False,False,False,False,77,0,12.0,0,0,False,False,False,0,2,0.8149421296296296,18.89460648148148,1,3,False,False,False,False,0,1,255.5,0.0,0.0,original_sounds,[],[],[],[],[],,no
17989471837866915,"Amsterdam giorno 1: forse è vero che ogni tanto devi uscire dalla tua comfort zone per capire davvero a cosa sei destinata. Io, per esempio, dovevo arrivare qui per scoprire di avere un TALENTO nel fotografare gli uccelli, marini intendo. I cigni tipo. Anzi mi avete detto che è un’oca, va beh comunque è sempre bianca dai non cambiate argomento: Non credo avreste mai il coraggio di affermare il contrario.",2023-03-17 08:04:47,2023,3,True,morning,8,11,28,0.282051282051282,Private Life,CAROUSEL,False,True,False,True,False,False,False,False,False,False,False,False,False,False,False,False,False,False,False,False,False,407,0,17.5,0,0,False,False,False,0,2,3.88412037037037,22.77872685185185,1,4,False,False,False,False,0,1,,0.0,0.0,,['claudiodibiagio' 'guglielmoscilla'],['5160149' '10279523'],[],[],[],"Amsterdam, Netherlands",real
17865125420895444,Momenti sparsi di questi giorni ad Amsterdam: continua la mia collezione di uccelli.,2023-03-19 09:11:53,2023,3,True,morning,9,7,4,0.6363636363636364,Games,CAROUSEL,False,True,False,True,False,False,False,False,False,False,False,False,False,False,False,False,False,False,False,False,False,84,0,13.0,0,0,False,False,False,0,3,2.046597222222222,24.825324074074075,1,1,False,True,False,False,0,1,,0.0,0.0,,"['claudiodibiagio' 'guglielmoscilla' 'ginopilotino13' 'boootz1'
 'iampollocav']",['5160149' '10279523' '264320385' '288730460' '974825132'],[],[],[],"Amsterdam, Netherlands",real
18350437573005184,Amsterdam vlog e Giocoaperitivo: cosa avevo detto a Guglielmo per farlo interagire con la statua prima che si accordesse della presa per il chiulo? Risp sub,2023-03-20 11:17:48,2023,3,False,morning,11,19,48,0.2835820895522388,Travel,VIDEO_REELS,False,True,False,True,False,False,False,False,False,False,False,False,False,False,False,False,False,False,False,False,False,156,0,13.0,0,1,False,False,False,0,2,1.0874421296296295,25.912766203703704,1,0,False,False,False,False,1,1,89.36599731445312,0.0,0.0,original_sounds,['claudiodibiagio' 'guglielmoscilla'],['5160149' '10279523'],[],[],[],,no
18018671938477277,Un piccolo backstage di quando siamo andati a doppiare i nostri personaggi in Dungeons & Dragons: L’Onore dei Ladri che uscirà in sala il 29 marzo. Anche il maestro Massimo Giuliani è evidentemente rimasto colpito dal nostro innato talento. Si apre il nuovo contest “Trovate le nostre voci nel film” e fateci sapere😂 #DnDIlFilm #Adv @paramountpicturesitalia,2023-03-22 16:04:05,2023,3,False,afternoon,16,16,25,0.3902439024390244,Cinema & TV,VIDEO_REELS,False,True,False,True,False,False,False,False,False,False,False,False,False,False,False,False,True,True,False,False,False,357,0,18.33333333333333,0,0,False,True,False,1,3,2.1988078703703704,28.11157407407408,1,0,False,False,False,False,1,1,87.76799774169922,2.0,1.0,original_sounds,['claudiodibiagio' 'guglielmoscilla'],['5160149' '10279523'],['guglielmoscilla'],['10279523'],[],,no
17977825757092112,"Sono tornata a casa, domani riparto, torno domenica, riparto mercoledi, torno giovedi riparto venerdi,torno domenica: non vedo errori se non nella lavatrice mista bianchi e colorati che ho appena mandato.",2023-03-23 14:03:51,2023,3,False,afternoon,14,14,23,0.3783783783783784,Private Life,IMAGE,False,False,False,False,False,False,False,False,False,False,False,False,False,False,False,False,False,False,False,False,False,204,0,31.0,0,0,False,False,False,0,4,0.9165046296296296,0.9165046296296296,2,4,False,False,False,False,0,1,,0.0,0.0,,[],[],[],[],[],,no
17872019135856744,"Su vostra richiesta ho domandaro ad alcuni amici quale fosse il loro gioco da tavolo del momento (scegliere il preferito in assoluto abbiamo constatato fosse imposssibile) e quale fosse il loro party game preferito, ora tocca a voi rispondere! Fateci sapere🫶🏻",2023-03-26 09:41:12,2023,3,True,morning,9,12,87,0.1212121212121212,Games,VIDEO_REELS,False,False,False,False,False,False,False,False,False,False,False,False,False,False,False,False,False,False,False,False,False,258,0,20.5,1,0,True,False,False,1,3,2.8176041666666665,3.734108796296296,1,1,False,False,False,False,1,1,27.652000427246094,0.0,0.0,original_sounds,[],[],[],[],[],,no
18007282615611317,Finalmente abbiamo LE MATITE LABBRA PER LE COLORAZIONI PASTA AL FORNO E BANANA BREAD! ❤️ vi avevo promesso che non vi avremmo lasciat senza ed eccoci qui!! Trovate tutto sul sito di @we.makeup (spediamo ovunque🫶🏻),2023-03-27 12:10:35,2023,3,False,afternoon,12,18,34,0.3461538461538461,Beauty & Fashion,VIDEO_REELS,False,False,False,False,False,False,False,False,False,False,False,False,False,False,False,False,True,True,False,False,False,211,0,8.75,3,0,True,False,False,2,3,1.103738425925926,4.837847222222222,1,0,True,False,False,False,0,1,90.0199966430664,0.0,1.0,original_sounds,['we.makeup'],['2271246143'],[],[],[],,no
17935450730637823,Spesso il male di vivere ho incontrato e aveva la forma della chiamata senza preavviso.,2023-03-29 13:05:35,2023,3,False,afternoon,13,16,39,0.2909090909090909,Private Life,VIDEO_REELS,False,False,False,False,False,False,False,False,False,False,False,False,False,False,False,False,False,False,False,False,False,87,0,15.0,0,0,False,False,False,0,4,2.0381944444444446,2.0381944444444446,2,4,False,False,False,False,0,1,26.132999420166016,0.0,0.0,original_sounds,[],[],[],[],[],,no
18008485981612930,Quando esageri col giratempo.,2023-04-01 11:46:37,2023,4,True,morning,11,66,123,0.3492063492063492,Relatable Comedy,VIDEO_REELS,False,False,False,False,False,False,False,False,False,False,False,False,False,False,False,False,False,False,False,False,False,29,0,4.0,0,0,False,False,False,0,3,2.945162037037037,4.983356481481482,2,1,False,False,False,False,0,1,16.33300018310547,0.0,0.0,original_sounds,[],[],[],[],[],,no
17980294700025054,Si chiama album della mia felicità ed è composto da:,2023-04-02 18:32:49,2023,4,True,evening,18,13,18,0.4193548387096774,Private Life,CAROUSEL,True,True,True,True,False,False,False,False,False,False,False,False,False,False,False,False,False,False,False,False,False,52,0,10.0,0,0,False,False,False,0,3,1.2820833333333332,6.265439814814815,2,3,False,True,False,False,0,0,,0.0,0.0,,"['heliodinardo' 'alicelikeaudrey' 'claudiodibiagio' 'purplehaze85'
 'guglielmoscilla' 'martinapermegian' 'aimoneromizi']","['1587576' '2452651' '5160149' '8412330' '10279523' '291128834'
 '5786712837']",[],[],[],,no
17992072741730963,"Ormai non posso piú tornare indietro: domani ore 14,00 saranno disponibili i biglietti per il mio spettacolo teatrale. Si chiama “Il saggio di fine anno” e sarà il 7 ottobre al Teatro San Babila di Milano. Info nelle storie, gioia nel cuore e qualcos’altro nelle mutande.",2023-04-03 12:59:20,2023,4,False,afternoon,12,139,421,0.2482142857142857,Theatre,VIDEO_REELS,False,False,False,False,False,False,False,False,False,False,False,False,False,False,False,False,False,False,False,False,False,271,0,15.666666666666666,0,0,False,False,False,0,3,0.7684143518518518,7.033854166666667,2,0,True,False,False,False,0,1,52.132999420166016,0.0,0.0,original_sounds,['vivoconcerti' 'showreel_factory'],['212137953' '2288459744'],[],[],[],,no
17988651556927423,"Amici e amiche non so che dire.  Abbiamo messo in vendita i biglietti per il 7 ottobre e in 5 minuti sono andati sold out. Abbiamo aperto la seconda data l’8 e non ho fatto in tempo a prendere due biglietti per i miei genitori.  Abbiamo aperto dunque una terza e per forza ULTIMA data a milano venerdi 6, e anche di quella non ci sono più posti.  È molto più di quanto potevamo prevedere e sperare.  Mi esplode il cuore di gioia (e di paura).  Mi sento di dire che non posso non ascoltare quello che è successo oggi e, sebbene all’inizio avessi detto NO -sia per paura di non vendere biglietti, sia per il tour de force che dovrà affrontare la mia ansia- siamo già all’opera per aggiungere altre date in giro per i teatri d’Italia.  È una cosa che desidero fare da sempre e dovevo trovare il coraggio.  Oggi questo coraggio me lo avete dato voi.  Appena avró qualche info sul dove e sul quando ve le daró!  Non vedo l’ora di vedervi tutt.  Intanto: vi voglio mega bene.  @showreel_factory @vivoconcerti  Foto @martinamariottiph Grafica @declinedesignstudio Syling @annapastore",2023-04-04 17:59:27,2023,4,False,afternoon,17,90,351,0.2040816326530612,Theatre,IMAGE,False,False,False,False,False,False,False,False,False,False,False,False,False,False,False,False,True,False,False,False,False,1076,0,14.615384615384617,1,0,False,False,False,0,4,1.2084143518518518,8.242268518518518,2,1,False,False,False,False,1,1,,0.0,5.0,,[],[],[],[],[],,no
17896413953717874,Un post di puro posizionamento per tenere sempre il profilo al top,2023-04-06 11:36:33,2023,4,False,morning,11,104,360,0.2241379310344827,Community,VIDEO_REELS,True,True,False,False,False,False,False,False,False,False,False,False,False,False,False,False,False,False,False,False,False,66,0,12.0,0,0,False,False,False,0,4,1.7340972222222222,9.97636574074074,2,0,False,True,False,False,0,1,11.166000366210938,0.0,0.0,original_sounds,['alicelikeaudrey' 'guglielmoscilla' 'martinapermegian'],['2452651' '10279523' '291128834'],[],[],[],,no
17998325671775212,Nuovo Gihawkiamo in cui vi racconto una novità assoluta a cui ho giocato: The Yawning Portal! Un gioco di strategia per adulti ambientato nell’universo di Dungeons & Dragons. Perfetto anche per chi non conosce nulla di D&D ma è amante dei german e delle strategie! #adv #TheYawningPortal #DungeonsDragons #Gihawkiamo,2023-04-13 11:20:44,2023,4,False,morning,11,3,17,0.15,Games,VIDEO_REELS,False,False,False,False,False,False,False,False,False,False,False,False,False,False,False,False,False,True,False,False,False,316,0,12.25,2,0,False,False,False,0,1,6.989016203703704,16.965381944444445,2,1,False,False,False,False,0,1,89.96600341796875,4.0,0.0,original_sounds,[],[],[],[],['hasbrofanit'],,no
18264208744126749,Un post che forse andava bene su tumblr nel 2006 solo per dire che avere il ciclo mestruale fa schifo infatti mi fa male la testa la pancia la schiena e la vita.  1 like = 1 brufen,2023-04-15 10:05:49,2023,4,True,morning,10,40,110,0.2666666666666666,Private Life,IMAGE,False,False,False,False,False,False,False,False,False,False,False,False,False,False,False,False,False,False,False,False,False,180,0,18.5,0,0,False,False,False,0,1,1.947974537037037,1.947974537037037,3,3,False,False,False,False,0,1,,0.0,0.0,,[],[],[],[],[],,no
17913081641726004,Sono pronta per sfidare questo red carpet non in palette 😎,2023-04-18 14:42:12,2023,4,False,afternoon,14,50,82,0.3787878787878788,Beauty & Fashion,VIDEO_REELS,False,False,False,False,False,False,False,False,False,False,False,False,False,False,False,False,False,False,False,False,False,58,0,10.0,0,0,False,False,False,1,2,3.1919328703703704,5.139907407407407,3,1,False,False,False,False,0,1,21.53300094604492,0.0,0.0,licensed_music,[],[],[],[],[],"London, United Kingdom",real
17891905949746957,"Ieri sera alla prima di @CitadelOnPrime io, Camilla Boniardi, ero a cinque metri da Stanley Tucci, Priyanka Chopra e Richard Madden.  E questo è tutto quello che ho da dire vostro onore, il resto si scoprirà il 28 aprile quando la serie uscirà in tutto il mondo su @primevideoit   #CitadelOnPrime #invitedby",2023-04-19 11:16:33,2023,4,False,morning,11,36,76,0.3214285714285714,Relatable Comedy,CAROUSEL,False,False,False,False,False,False,False,False,False,False,False,False,False,False,False,False,True,False,False,False,False,307,0,25.5,0,0,False,False,False,0,3,0.8571875,5.997094907407408,3,1,False,False,False,False,0,1,,2.0,2.0,,[],[],[],[],[],,no
17992975678895863,Un semplice stretching prima di competere come rappresentanti dell’Italia nella competizione europea a Disneyland Paris dove gareggeremo con sporitività perchè l’importante è partecivincere corretto? #disneylandparis30 @disneylandparis,2023-04-20 11:42:34,2023,4,False,morning,11,50,120,0.2941176470588235,Private Life,VIDEO_REELS,False,True,False,False,False,False,False,False,False,False,False,False,False,False,False,False,True,False,False,False,False,235,0,13.0,0,1,False,False,False,0,3,1.0180671296296295,7.015162037037037,3,3,False,False,False,False,0,1,15.414999961853027,1.0,1.0,licensed_music,['guglielmoscilla'],['10279523'],['guglielmoscilla'],['10279523'],[],Disneyland Paris,real
18049707124421169,"Il goal di questa domenica sarebbe finire il libro che sto leggendo, ma mi mancano 350 pagine. Voi? Quale obiettivo irrealizzabile vi siete posti? Parlo con i gemelli e i sagittario obvsly",2023-04-23 10:18:36,2023,4,True,morning,10,35,141,0.1988636363636363,Culture,CAROUSEL,False,False,False,False,False,False,False,False,False,False,False,False,False,False,False,False,False,False,False,False,False,188,0,8.0,0,2,False,False,False,0,3,2.941689814814815,9.956851851851852,2,0,False,False,False,False,1,1,,0.0,0.0,,[],[],[],[],[],,no
17979644435297172,Nel 2018 oggi cosa stavate facendo? Io evidentemente studiavo nuove inquadrature per fare la regista di telenovelas spagnole,2023-04-26 09:42:29,2023,4,False,morning,9,36,69,0.3428571428571428,Private Life,IMAGE,False,False,False,False,False,False,False,False,False,False,False,False,False,False,False,False,False,False,False,False,False,124,0,9.0,0,1,False,False,False,0,3,2.9749189814814816,12.931770833333331,2,3,False,False,False,False,1,1,,0.0,0.0,,[],[],[],[],[],,no
17887991948817976,"Ho ritrovato la foto che avevo mandato a Leonardo di caprio del 1997. Mia madre mi aveva detto di mettermi accanto a un bel fiore e che gliel’avremmo spedita con una lettera d’amore. Cosí feci. Pensate che all’epoca mi arrivò anche una lettera di risposta, ovviamente erano tutte uguali e prestampate, ma pensate che tempi assurdi! Gli uffici stampa rispondevano alle lettere dei fan!  Al collo portavo un medaglione con due foto di leo, una per ogni lato, a colori e in bianco e nero. Cosa ho imparato da questa storia?  - il caschetto mi sta una merda - il 1997 è stato un grande anno per la mia crescita individuale - il 1997 è stato un anno molto importante anche per Leo visto che nascevano quasi tutte le sue fidanzate attuali - @leonardodicaprio rimarrà il sogno numero uno nel mio cuore, con accanto solo @chadmichaelmurray di cui mi innamorai pochi anni dopo.",2023-04-28 11:37:42,2023,4,True,morning,11,37,185,0.1666666666666666,Private Life,IMAGE,False,False,False,False,False,False,False,False,False,False,False,False,False,False,False,False,True,False,False,False,False,868,0,18.625,2,1,False,False,False,0,2,2.080011574074074,15.011782407407408,1,3,False,False,False,False,0,1,,0.0,2.0,,[],[],[],[],[],,no
17967257255209191,Voi? Stelle polari o nane bianche?,2023-05-03 10:57:08,2023,5,False,morning,10,32,54,0.3720930232558139,Relatable Comedy,VIDEO_REELS,False,False,False,False,False,False,False,False,False,False,False,False,False,False,False,False,False,False,False,False,False,34,0,3.0,0,2,False,False,False,0,1,4.971828703703704,19.98361111111111,1,1,False,False,False,False,1,1,8.600000381469727,0.0,0.0,original_sounds,[],[],[],[],[],,no
17972079815136534,Se dite di no mentite. Siate onesti,2023-05-07 10:10:00,2023,5,True,morning,10,53,210,0.2015209125475285,Relatable Comedy,VIDEO_REELS,False,False,False,False,False,False,False,False,False,False,False,False,False,False,False,False,False,False,False,False,False,35,0,3.5,0,0,False,False,False,0,1,3.967268518518519,23.95087962962963,1,2,False,False,False,False,1,1,9.23799991607666,0.0,0.0,original_sounds,[],[],[],[],[],,no
17860214567947282,Eh no purtroppo quel capello dalla faccia non si toglie mi spiace anche io sto impazzendo vorrei perforare lo schermo e levarlo ma no è proprio solo una foto e quel capello rimarrà lì scusate davvero ora carico una serie di foto appaganti dove finiscono di colorare i quadratini con l’evidenziatore oppure riempiono i cassetti con i separatori precisi precisi in modo da controbilanciare questa violenza ottica ok?,2023-05-16 09:21:15,2023,5,False,morning,9,45,70,0.391304347826087,Community,IMAGE,False,False,False,False,False,False,False,False,False,False,False,False,False,False,False,False,False,False,False,False,False,414,0,68.0,0,1,False,False,False,0,0,8.966145833333334,32.91702546296296,0,0,False,False,False,False,0,1,,0.0,0.0,,[],[],[],[],[],Fastidiosa,fake
18010086385633338,"Forse questo duo dopo sei anni dovrebbe iniziare ad avere un nome, succede cosí quando diventi un artista completo. Voi cosa suggerite?",2023-05-18 11:31:06,2023,5,False,morning,11,153,479,0.2420886075949367,Beauty & Fashion,VIDEO_REELS,False,True,False,False,False,False,False,False,False,False,False,False,False,False,False,False,False,False,False,False,False,135,0,11.0,0,1,False,False,False,0,1,2.090173611111111,35.00719907407407,0,1,False,False,False,False,1,1,37.53300094604492,0.0,0.0,licensed_music,['guglielmoscilla'],['10279523'],['guglielmoscilla'],['10279523'],[],,no
17989129708884045,Pronta per la prima serata a Cannes! Niente abito ma chi sono io per non sdoganare un panta palazzo che dimensione danza spostati. #suppliedby,2023-05-20 18:37:37,2023,5,True,evening,18,127,250,0.3368700265251989,Beauty & Fashion,CAROUSEL,False,False,False,False,False,False,False,False,False,False,False,False,False,False,False,False,False,False,True,False,False,142,0,8.0,1,0,False,False,False,0,2,2.2961921296296297,37.3033912037037,0,2,True,False,False,False,0,1,,1.0,0.0,,['campari.it' 'chimento_official' 'diegolazzaroni_official'],['1415723863' '2263023949' '50497584084'],[],[],[],Cannes Film Festival,real
18111311083308065,"Uscita ora dalla proiezione di Firebrand, è stato molto bello e sono molto felice. Jude Law artista completo. Questo è il look di stasera, un total red di Emilio Pucci che ho noleggiato da @revest ❤️ domani si torna a casa! #supplied #cannesfilmfestival",2023-05-21 20:01:07,2023,5,True,evening,20,99,156,0.388235294117647,Beauty & Fashion,VIDEO_REELS,False,False,False,False,False,False,False,False,False,False,False,False,False,False,False,False,True,False,True,False,False,252,0,10.5,1,0,True,False,False,1,3,1.057986111111111,38.36137731481482,0,2,True,False,False,False,0,1,15.166000366210938,2.0,1.0,original_sounds,['lesilla' 'revest'],['192218729' '8470070354'],[],[],[],Cannes Film Festival,real
17966724233393167,Scusate il ritardo ma questo backstage era necessario.,2023-05-23 11:25:14,2023,5,False,morning,11,99,323,0.2345971563981042,Relatable Comedy,VIDEO_REELS,False,True,False,False,False,False,False,False,False,False,False,False,False,False,False,False,False,False,False,False,False,54,0,8.0,0,0,False,False,False,0,3,1.641747685185185,40.003125,0,2,False,False,False,False,0,1,214.63299560546875,0.0,0.0,original_sounds,['guglielmoscilla'],['10279523'],[],[],[],,no
18007868467674273,Cose che meriteremmo tutti una volta nella vita:  - le foto di @manuelbifari  - la Puglia tutta,2023-05-24 13:05:02,2023,5,False,afternoon,13,44,64,0.4074074074074074,Travel,CAROUSEL,False,False,False,False,False,False,False,False,False,False,False,False,False,False,False,False,True,False,False,False,False,95,0,15.0,0,0,False,False,False,0,4,1.0693055555555555,41.07243055555556,0,0,False,False,False,False,0,0,,0.0,1.0,,[],[],[],[],[],,no
17959678493345612,"Finiti questi giorni stupendi in Puglia con @comfortzoneskin_official: penso la prima esperienza in cui effettivamente l’anno di biologia che ho fatto all’università prima di laurearmi in giurisprudenza, è servito effettivamente a qualcosa. Sulla linea Hydramemory posso dirvi tutto, e posso farlo flexando fibroblasti e texture biomimetiche. #adv",2023-05-25 13:23:45,2023,5,False,afternoon,13,13,18,0.4193548387096774,Beauty & Fashion,CAROUSEL,False,False,False,False,False,False,False,False,False,False,False,False,False,False,False,False,True,True,False,False,False,347,0,15.666666666666666,0,0,False,False,False,0,4,1.0129976851851852,42.08542824074074,0,3,False,True,False,True,0,0,,1.0,1.0,,['manuelbifari' 'eleonoraproietti'],['13111944' '35320740'],[],[],[],Puglia,real
18263180179144778,"Giulia mi ha detto che in questa foto sembro un’imprenditrice che ha appena avviato un’azienda certificata bcorp che gestisce una rosa di ristoranti con tutto a chilometro zero, plant based e minimo impatto ambientale.  Mi manca solo di decidere il nome del ristorante e poi vi invito all’inaugurazione. Come lo chiamiamo?  Comunque aggiorno CV, nella vita: imprenditrice vegetale.",2023-05-26 10:46:11,2023,5,True,morning,10,66,231,0.2222222222222222,Food,IMAGE,False,False,False,False,False,False,False,False,False,False,False,False,False,False,False,False,False,False,False,False,False,381,0,14.5,0,1,False,False,False,0,5,0.8905787037037037,0.8905787037037037,1,0,False,True,False,False,1,1,,0.0,0.0,,['eleonoraproietti'],['35320740'],[],[],[],,no
17988813386066842,"Ogni occasione è buona per lanciare appelli a Leonardo diCaprio, ma farlo alla 76 esima edizione del festival di Cannes non ha prezzo.  Grazie a @campari.it per avermelo permesso.  #RedPassion #CampariCinema #Cannes2023 #drinkresponsibly #adv",2023-05-27 14:22:09,2023,5,True,afternoon,14,4,9,0.3076923076923077,Cinema & TV,VIDEO_REELS,False,False,False,False,False,False,False,False,False,False,False,False,False,False,False,False,True,True,False,False,False,242,0,8.75,0,0,False,False,False,0,6,1.1499768518518518,2.040555555555556,1,0,False,False,False,False,0,1,44.96599960327149,5.0,1.0,original_sounds,[],[],[],[],[],,no
18003406480756490,Voi grattate dalla parte giusta o siete da segnalare alle autorità competenti?,2023-05-29 12:58:25,2023,5,False,afternoon,12,76,511,0.1294718909710391,Relatable Comedy,VIDEO_REELS,False,False,False,False,False,False,False,False,False,False,False,False,False,False,False,False,False,False,False,False,False,78,0,12.0,0,1,False,False,False,0,5,1.941851851851852,1.941851851851852,2,2,False,False,False,False,1,1,54.36600112915039,0.0,0.0,original_sounds,[],[],[],[],[],,no
18181722712281248,"C’era una volta, in un antico regno del sud, una principessa  chiamata Ramenonzolo, rinchiusa in un’alta torre d’avorio: maledetta da un vecchio stregone d’oriente, se avesse provato a uscire prima di aver scoperto la ricetta perfetta dei noodle istantanei, sarebbe caduta in un sonno eterno. Ogni giorno, seduta su quei gradini, la principessa ne assaggia una nuova confezione, sperando possa essere la chiave per la sua libertà.",2023-05-31 10:57:29,2023,5,False,morning,10,42,76,0.3559322033898305,Food,CAROUSEL,False,False,False,False,False,False,False,False,False,False,False,False,False,False,False,False,False,False,False,False,False,430,0,33.5,0,0,False,False,False,0,5,1.9160185185185183,3.8578703703703705,2,1,False,False,False,True,0,1,,0.0,0.0,,['manuelbifari'],['13111944'],[],[],[],Noodle Queen,fake
17977161308253219,Una foto fatata per attirare l’attenzione su un tema importante: i matrimoni che nel buffet hanno gli anelli di cipolla fritti hanno una marcia in più. Convincetemi del contrario prego,2023-06-02 18:14:25,2023,6,True,evening,18,47,36,0.5662650602409639,Community,IMAGE,False,False,False,False,False,False,False,False,False,False,False,False,False,False,False,False,False,False,False,False,False,184,0,15.0,0,0,False,False,False,0,3,2.303425925925926,6.161296296296296,2,0,True,False,False,False,1,1,,0.0,0.0,,['revest'],['8470070354'],[],[],[],"Assisi, Italy",real
18021122008560321,Bombastic side eye.  Criminal offensive side eye.,2023-06-06 10:41:18,2023,6,False,morning,10,45,67,0.4017857142857143,Private Life,CAROUSEL,False,False,False,False,False,False,False,False,False,False,False,False,False,False,False,False,False,False,False,False,False,49,0,3.5,0,0,False,False,False,0,2,3.685335648148148,9.846631944444445,2,0,False,True,False,True,0,1,,0.0,0.0,,['manuelbifari' 'eleonoraproietti'],['13111944' '35320740'],[],[],[],SideEye,fake
17856236195971325,"Io alla morte ci penso spesso.  Ma non in modo triste, ci rifletto solo.  Quella degli altri mi devasta, la mia non lo so.  Pensa se adesso morissi, quante cose mi sono persa, dico.  Di solito è notte ma anche di giorno succede, quando sono in macchina succede spesso. Ma analizzando bene il tutto, la morte è il flagello di chi resta, non di chi scompare. Chi scompare non se ne accorge, che è scomparso dico. Quindi perchè dovrei temere qualcosa di cui non mi accorgeró? È come se io avessi paura, un giorno, di svegliarmi e scoprire che sono diventata un cerbiatto, un topo o un colibrí. Non puó succedere, è una condizione cosciente che non sperimenteró mai.  Ho paura di non avere più tempo con le persone che amo, rispondo, di non averne goduto abbastanza, di non aver scalato un numero ragionevole di montagne, nuotato in sufficienti mari. Quindi ho paura di quello che proveró prima, di quello di cui credo di aver paura.  Non è la morte, quindi, ma l’impossibilità di continuare a riempirmi di persone e immagini e suoni e odori e percezioni. È la fame, che temo.  Se allora potessi augurarmi qualcosa, vorrei ad un certo punto essere sazia, cosí da non avere più paura.",2023-06-07 12:58:31,2023,6,False,afternoon,12,72,203,0.2618181818181818,Reflections,VIDEO_REELS,False,False,False,False,False,False,False,False,False,False,False,False,False,False,False,False,False,False,False,False,False,1179,0,14.0,0,1,False,False,False,0,2,1.0952893518518518,10.941921296296297,2,0,False,False,False,False,0,0,21.83300018310547,0.0,0.0,original_sounds,[],[],[],[],[],,no
18262124332196265,Scusate ma questo backstage non ve lo avevo mai pubblicato. Rimedio.  Buon weekend💕,2023-06-10 14:19:46,2023,6,True,afternoon,14,39,92,0.2977099236641221,Relatable Comedy,VIDEO_REELS,False,True,False,False,False,False,False,False,False,False,False,False,False,False,False,False,False,False,False,False,False,83,0,4.333333333333333,0,0,True,False,False,1,2,3.056423611111111,13.998344907407407,2,2,False,False,False,False,0,1,129.56399536132812,0.0,0.0,original_sounds,['guglielmoscilla'],['10279523'],[],[],[],,no
17852337875989409,"Non credo di sentirmi benissimo, ma spero tanto ci sarete perchè vorrei vedervi e rivedervi tutt.  Nel frattempo ripasso la primavera di Vivaldi.   I biglietti per tutte le date saranno acquistabili da DOMANI ALLE 16.00.  Fuori😬, dentro⚰️",2023-06-15 11:44:30,2023,6,False,morning,11,84,212,0.2837837837837837,Theatre,IMAGE,False,False,False,False,False,False,False,False,False,False,False,False,False,False,False,False,False,False,False,False,False,237,0,7.6,0,0,False,False,False,2,1,4.892175925925926,18.890520833333333,2,0,True,False,False,False,0,1,,0.0,0.0,,['vivoconcerti' 'showreel_factory'],['212137953' '2288459744'],[],[],[],,no
17983255124494808,"Ci siamo.  Sono ufficialmente aperte le vendite delle nuove date del tour “Il saggio di fine anno”, li trovate nel link in bio❤️ Che dire: ci vediamo in giro mi sa.   12 MARZO - TEATRO CELEBRAZIONI BOLOGNA   13 MARZO - TEATRO PUCCINI - FIRENZE   18 MARZO - SALA UMBERTO - ROMA   22 MARZO - POLITEAMA ROSSETTI - TRIESTE   23 MARZO - GRAN TEATRO GEOX - PADOVA   27 MARZO - TEATRO BELLINI - NAPOLI   3 APRILE - TEATRO COLOSSEO - TORINO   6 APRILE - TEATRO DELL’AQUILA - FERMO   9 APRILE - TEATRO NAZIONALE CHEBANCA! - MILANO",2023-06-16 14:03:46,2023,6,True,afternoon,14,33,110,0.2307692307692307,Theatre,CAROUSEL,False,False,False,False,False,False,False,False,False,False,False,False,False,False,False,False,False,False,False,False,False,520,0,19.5,1,0,True,False,False,1,2,1.096712962962963,19.98723379629629,2,1,True,False,False,False,0,0,,0.0,0.0,,['vivoconcerti' 'showreel_factory'],['212137953' '2288459744'],[],[],[],,no
17913197972767836,Per i più anziani su questi schermi: io non esco di casa senza spalline imbottite e/o a sbuffo per minacciare l’autoritá. E Voi? In che modo mentite a voi stessi? 🫠,2023-06-19 12:44:58,2023,6,False,afternoon,12,21,30,0.4117647058823529,Private Life,CAROUSEL,False,False,False,False,False,False,False,False,False,False,False,False,False,False,False,False,False,False,False,False,False,164,0,10.333333333333334,0,2,False,False,False,1,2,2.9452777777777777,22.93251157407408,2,1,False,False,False,True,1,1,,0.0,0.0,,['manuelbifari'],['13111944'],[],[],[],Ah Ok.,fake
18211977802216795,"Oggi è il mio compleanno e questo album è composto da: 1. Io a 33 anni 2. La prima torta a mezzanotte 3. Il primo regalo di oggi 4. Un regalo impacchettato da indovinate chi  5. Come mi sento davvero oggi  6. Non ho mai staccato la scritta che era per il comple di Alice a febbraio, mai scelta fu piú saggia. Recensione lettere 10/10 non si sono sgonfiate di 1 millimetro",2023-06-21 09:21:07,2023,6,False,morning,9,227,636,0.2630359212050985,Culture,CAROUSEL,True,False,False,False,False,False,False,False,False,False,False,False,False,False,False,False,False,False,False,False,False,371,0,9.125,0,0,False,False,False,0,3,1.8584375,24.790949074074074,2,0,False,False,False,False,0,1,,0.0,0.0,,[],[],[],[],[],Birthday Girl,fake
18008720488742694,"Raga è una dura competizione ma anche quest’anno penso di aver vinto il primo premio mozzarella nella competizione magica “la coppa delle casere”. Faccio i complimenti ai secondi classificati, sarà per il prossimo anno!",2023-06-27 09:39:35,2023,6,False,morning,9,24,28,0.4615384615384615,Reflections,CAROUSEL,False,False,False,False,False,False,False,False,False,False,False,False,False,False,True,False,False,False,False,False,False,219,0,17.0,1,0,False,False,False,0,1,6.012824074074074,30.80377314814815,0,1,False,False,False,False,0,1,,0.0,0.0,,['paolaturani' 'giuliavalentina' 'giuliagaudino'],['14019311' '181816526' '232552177'],[],[],[],,no
17961828188393082,"Cartoline di una giornata gloriosa.  Per una fan di Harry Potter vedere il suo making of con i props originali, i costumi e i set dove hanno girato le scene è una roba senza senso. Ah si, l’ultima foto l’ho pagata una cifra senza senso ma onestamente lo rifarei ditemi voi",2023-06-29 14:40:36,2023,6,False,afternoon,14,39,72,0.3513513513513513,Culture,CAROUSEL,True,False,False,False,False,False,False,False,False,False,False,False,False,False,False,False,False,False,False,False,False,272,0,17.0,0,0,False,False,False,0,1,2.209039351851852,33.0128125,0,1,False,False,False,False,1,0,,0.0,0.0,,['alicelikeaudrey'],['2452651'],[],[],[],,no
17882192879828301,"Voglio molto bene a questa personcina qui, che è il mio opposto quasi su tutto, soprattutto sulle attrazioni.  Vi lascio una diapositiva finale dimostrativa.",2023-06-30 09:38:54,2023,6,True,morning,9,25,21,0.5434782608695652,Private Life,CAROUSEL,True,False,False,False,False,False,False,False,False,False,False,False,False,False,False,False,False,False,False,False,False,157,0,12.0,0,0,False,False,False,0,2,0.7904861111111111,33.80329861111111,0,2,False,False,False,False,0,0,,0.0,0.0,,['alicelikeaudrey'],['2452651'],[],[],[],Mimì e Cocò,real
18367071073004360,"Happy birthday mami, ti voglio bene❤️",2023-07-04 09:21:03,2023,7,False,morning,9,61,113,0.3505747126436782,Private Life,CAROUSEL,False,False,False,False,False,False,False,False,False,False,False,False,False,False,False,False,False,False,False,False,False,36,0,6.0,0,0,True,False,False,1,3,3.987604166666667,37.79090277777778,0,3,False,False,False,False,0,0,,0.0,0.0,,[],[],[],[],[],,no
17981030846105098,"Stesso posto, stessa ora, stesso panino, stesso fregotto, ma un anno in più.",2023-07-05 15:09:09,2023,7,False,afternoon,15,23,39,0.3709677419354839,Travel,CAROUSEL,False,False,False,False,False,False,False,False,False,False,False,False,False,False,False,False,False,False,False,False,False,76,0,13.0,0,0,False,False,False,0,3,1.2417361111111112,39.03263888888889,0,0,False,False,False,False,0,1,,0.0,0.0,,[],[],[],[],[],"Voglio che stai bene, da re",fake
18272207119146486,"Le bambine del sig. Visconti avevano, nel loro giardino grande come l’intero Molise, una casetta delle bambole a due piani con soffitti alti due metri, camino, cuicina, giardino all’inglese. Io che nella mente canto scopri novel cuisin ta ta scopri che cosa fa col volto rigato dalle lacrime",2023-07-09 15:40:32,2023,7,True,afternoon,15,7,25,0.21875,Travel,CAROUSEL,False,False,False,False,False,False,False,False,False,False,False,False,False,False,False,False,False,False,False,False,False,291,0,16.0,0,0,False,False,False,0,2,4.021793981481482,43.05443287037037,0,1,False,False,False,False,0,1,,0.0,0.0,,[],[],[],[],[],Borgo medievale Grazzano Visconti,real
18004942060852295,"Mio cugino, oltre a essere molto bello e simpatico, qualche settimana fa si è anche laureato. Classe 1997, storicamente una delle migliori annate di sempre se non la migliore (dopo il 1990, si intende).",2023-07-11 13:12:04,2023,7,False,afternoon,13,21,76,0.2164948453608247,Private Life,IMAGE,False,False,False,False,False,False,False,False,False,False,False,False,False,False,False,False,False,False,False,False,False,202,0,17.0,0,0,False,False,False,0,2,1.896898148148148,44.95133101851852,0,3,False,True,False,False,0,1,,0.0,0.0,,['andrea._giussani'],['1396126478'],[],[],[],Biricchinopoli,fake
17996406499991758,Foto sfuocate ma felicità a fuochissimo.,2023-07-15 14:16:51,2023,7,True,afternoon,14,24,51,0.32,Community,CAROUSEL,False,False,False,False,False,False,False,False,False,False,False,False,False,False,False,False,False,False,False,False,False,40,0,6.0,0,0,False,False,False,0,2,4.044988425925926,48.996319444444445,0,0,False,False,False,False,0,0,,0.0,0.0,,[],[],[],[],[],Pantelleria,real
18277069342120144,Quando ti chiedono di fare una foto Vs tutto il resto del tempo.,2023-07-16 15:27:59,2023,7,True,afternoon,15,21,21,0.5,Relatable Comedy,CAROUSEL,False,True,False,True,False,False,False,False,False,False,False,False,False,False,False,False,False,False,False,False,False,64,0,13.0,0,0,False,False,False,0,3,1.0493981481481482,50.0457175925926,0,0,False,False,False,False,0,1,,0.0,0.0,,['claudiodibiagio' 'guglielmoscilla'],['5160149' '10279523'],['guglielmoscilla'],['10279523'],[],Pantelleria,real
17909431283795686,"Rappresentazione di una gemelli semplice.  La direzione artistica di entrambe le opere è di @claudiodibiagio che mi ha costretto, minacciandomi, a fargli questo shoutout.",2023-07-17 10:39:21,2023,7,False,morning,10,16,30,0.3478260869565217,Private Life,CAROUSEL,False,False,False,True,False,False,False,False,False,False,False,False,False,False,False,False,True,False,False,False,False,170,0,12.0,0,0,False,False,False,0,3,0.7995601851851852,50.84527777777778,0,3,False,False,False,False,0,1,,0.0,1.0,,[],[],[],[],[],,no
17978644703342733,Mi piace questa rubrica in cui vi mostro come in me possano coesistere Ariel e Ursula.,2023-07-19 09:13:48,2023,7,False,morning,9,23,57,0.2875,Private Life,CAROUSEL,False,False,False,False,False,False,False,False,False,False,False,False,False,False,False,False,False,False,False,False,False,86,0,16.0,0,0,False,False,False,0,3,1.9405902777777777,52.785868055555554,0,4,False,False,False,False,0,1,,0.0,0.0,,[],[],[],[],[],Stile Libero,fake
17965821908350647,"Grazie a tutti coloro che si sono appassionati alla nostra umile famiglia, Eugenio è il nostro sole e siamo contenti che possiate amarlo tanto quanto noi. Un abbraccio da Anna e Giorgio Barbera",2023-07-20 11:59:22,2023,7,False,morning,11,71,317,0.1829896907216494,Private Life,CAROUSEL,False,True,False,True,False,False,False,False,False,False,False,False,False,False,False,False,False,False,False,False,False,193,0,16.5,0,0,False,False,False,0,4,1.114976851851852,53.90084490740741,0,5,False,False,False,False,0,1,,0.0,0.0,,['claudiodibiagio' 'guglielmoscilla'],['5160149' '10279523'],[],[],[],Eugenio,fake
17940486860679384,"Ecco il signature look di Camilla, scusate le sue mani un po’ gonfie ma è il caldo.",2023-07-21 13:28:13,2023,7,True,afternoon,13,227,1194,0.1597466572836031,Beauty & Fashion,VIDEO_REELS,False,True,False,False,False,False,False,False,False,False,False,False,False,False,False,False,False,False,False,False,False,83,0,17.0,0,0,False,False,False,0,5,1.0617013888888889,54.962546296296296,0,0,False,False,False,False,0,1,202.406005859375,0.0,0.0,original_sounds,['guglielmoscilla'],['10279523'],['guglielmoscilla'],['10279523'],[],,no
17984446607335867,"Arrivederci cara Pantelleria, ci hai regalato cieli stellati, partite a burraco, giretti in barca con Eugenio e la famiglia Barbera, molto caldo, molto vino, baci panteschi e tramonti memorabili.",2023-07-22 11:32:57,2023,7,True,morning,11,12,16,0.4285714285714285,Private Life,CAROUSEL,False,False,False,False,False,False,False,False,False,False,False,False,False,False,False,False,False,False,False,False,False,195,0,29.0,0,0,False,False,False,0,6,0.9199537037037036,55.8825,0,5,False,False,False,False,0,0,,0.0,0.0,,[],[],[],[],[],Pantelleria,real
17857089092965651,"Il tuffo, 1952.  Quest’anno in gara all’ottantesima edizione del Festival del cinema di Venezia.  È stata un’emozione immensa per me essere diretta da un grande regista come Soccretino e aiutata da un operatore macchina di cui non ricordo il nome.  Il tuffo ora è vostro.",2023-07-25 11:30:43,2023,7,False,morning,11,79,191,0.2925925925925925,Cinema & TV,VIDEO_REELS,False,True,False,True,False,False,False,False,False,False,False,False,False,False,False,False,False,False,False,False,False,271,0,11.25,0,0,False,False,False,0,4,2.998449074074074,58.88094907407408,0,0,False,False,False,False,0,1,88.93299865722656,0.0,0.0,original_sounds,['claudiodibiagio' 'guglielmoscilla'],['5160149' '10279523'],[],[],[],,no
18361247680064642,"Dopo aver dato un assaggio del talento di Gu come truccatore, dovevamo darvi la prova finale di essere artisti completi, amici perfetti e inseparabili come pane e Philadelphia: se avremo bisogno di una mano, ci saremo sempre l’uno per l’altra.  #adv #paneephiladelphia #philadelphiaitalia @philadelphiaitalia",2023-07-28 13:05:17,2023,7,True,afternoon,13,90,405,0.1818181818181818,Beauty & Fashion,VIDEO_REELS,False,True,False,False,False,False,False,False,False,False,False,False,False,False,False,False,True,True,False,False,False,308,0,22.0,0,0,False,False,False,0,3,3.0656712962962964,61.94662037037037,0,1,False,False,False,False,0,1,135.11500549316406,3.0,1.0,original_sounds,['guglielmoscilla'],['10279523'],['guglielmoscilla'],['10279523'],[],,no
17875384223933692,"A breve si parte per il viaggio zaino in spalla ma quando ci eravamo detti portiamo l’essenziale non pensavo che lo spazio massimo per i vestiti si riducesse a 4cambi totali per 18 giorni. In in compenso ho un sacco a pelo lenzuolino, un accappatoio microfibra evanescente, diciotto prese universali, un kit medico da poter aprire un ospedale, un cuscino gonfiabile e un binicolo assurdo che userò per vedere quanto manca alla fine delle camminate. Ricordatemi cosí, arancione e pulita.",2023-07-30 10:34:30,2023,7,True,morning,10,22,30,0.4230769230769231,Beauty & Fashion,IMAGE,False,False,False,False,False,False,False,False,False,False,False,False,False,False,False,False,False,False,False,False,False,486,0,26.666666666666668,0,0,False,False,False,0,2,1.895289351851852,1.895289351851852,1,2,False,False,False,False,0,1,,0.0,0.0,,[],[],[],[],[],BinocoloProfessionale,fake
18014372566736289,"Se ora che è uscita la seconda stagione di “L’estate nei tuoi occhi” su @primevideoit avessi 15 anni probabilmente prenderei la mia Smemo con tutti gli angolini piegati per renderla altissima e ci appiccicherei questa mia foto cancellando l’identità dei miei fratelli e scrivendo “Io+Jeremiah+Conrad” fingendo di essere la protagonista di una serie tv quando invece, spoiler, Mai.   #LEstateNeiTuoiOcchi  #TheSummerITurnedPretty  #Adv",2023-07-31 12:27:24,2023,7,False,afternoon,12,14,69,0.1686746987951807,Cinema & TV,CAROUSEL,False,False,False,False,False,False,False,False,False,False,False,False,False,False,False,False,True,True,False,False,False,434,0,31.5,0,0,False,False,False,0,3,1.0784027777777778,2.973692129629629,1,1,False,False,False,False,0,1,,3.0,1.0,,[],[],[],[],[],,no
17883285524908978,"Uganda day1, giornata indimenticabile.  Abbiamo visto il rinoceronte bianco da vicino al Ziwa sanctuary, dove stanno cercando di reintrodurre il rinoceronte bianco in natura nonostante sia stato dichiarato estinto alla fine degli anni 80. Max il ranger ci ha detto: qualsiasi cosa accada, se il rinoceronte dovesse puntarvi, l’importante è che rimaniate calmi senza correre. Certo Max, tutto chiaro. Stacco. Il Rhino ci ha semplicemente rivolto lo sguardo, abbiamo rannato in tre due uno. Seguiteci per altre ricette.",2023-08-03 16:30:38,2023,8,False,afternoon,16,24,44,0.3529411764705882,Food,CAROUSEL,False,False,False,False,False,False,False,False,False,False,False,False,False,False,False,False,False,False,False,False,False,517,0,11.142857142857142,0,0,False,False,False,0,3,3.168912037037037,3.168912037037037,2,0,False,False,False,False,0,0,,0.0,0.0,,[],[],[],[],[],Ziwa Rhino Sanctuary Uganda,real
17995670914909167,"Voto gli animali che ho visto nel primo safari della mia vita: 1. Giraffa voto nove perchè oggettivamente cosa vuoi dirle? È palese la nuova fida del tuo ex a cui cerchi di trovare un difetto ma non c’è.  2. Pumba voto 7, magna pure i sassi ma se gli dai mezza roba ti si accolla come zia concetta a Natale. Comunque adorabile.  3. Bufalo voto 5 perchè non ho trovato la mozzarella, è una truffa.  4. Elefante voto 10 c’era pure Dumbo, savana ottima ospitality 5. Hartebeest voto 7 mi ricordano le immagini demoniake che passavano a Lucignolo su Italia 1 6. Avvoltoi voto 6 solo perchè all’uccello la sufficienza la dai sempre (ironia spiccia)",2023-08-05 09:52:41,2023,8,True,morning,9,52,104,0.3333333333333333,Private Life,CAROUSEL,False,False,False,False,False,False,False,False,False,False,False,False,False,False,False,False,False,False,False,False,False,643,0,9.666666666666666,0,1,False,False,False,0,3,1.723645833333333,4.8925578703703705,2,4,False,False,False,False,0,1,,0.0,0.0,,[],[],[],[],[],Uganda,real
18027074200605325,"Ho finanziato questo documentario indipendente di cui sono anche regista e voce narrante. Spero davvero possa piacervi, ho messo il pathos nella prima metà e licia coló nella seconda. Speriamo me lo comprino in piattaforma ecco",2023-08-05 16:36:00,2023,8,True,afternoon,16,18,40,0.3103448275862069,Private Life,VIDEO_REELS,False,False,False,False,False,False,False,False,False,False,False,False,False,False,False,False,False,False,False,False,False,227,0,12.0,0,0,False,False,False,0,4,0.2800810185185185,5.172638888888889,2,4,False,False,False,False,0,1,48.20299911499024,0.0,0.0,original_sounds,[],[],[],[],[],,no
18048142546463109,"Ieri dopo nove ore di macchina siamo riusciti a vedere un leopardo, evento piuttosto raro visto che si nascondono molto bene e tra i bigfive sono i più difficili da incontrare. Purtroppo non ho un teleobiettivo, la foto che vi ho messo è il massimo che sono riuscita a fare❤️",2023-08-07 08:48:58,2023,8,False,morning,8,31,66,0.3195876288659793,Culture,CAROUSEL,False,False,False,False,False,False,False,False,False,False,False,False,False,False,False,False,False,False,False,False,False,274,0,25.0,0,0,True,False,False,1,4,1.6756712962962963,6.848310185185185,2,0,False,False,False,False,0,1,,0.0,0.0,,[],[],[],[],[],Queen Elizabeth National Park,real
18008981470870533,Ieri abbiamo fatto il trekking con gli scimpanzè che ho scoperto dormono nei nidi sugli alberi e ogni notte ne rifanno uno nuovo con tutte le foglie comode; non dormono mai nello stesso posto due notti di fila per sicurezza. In pratica noi cambiamo le lenzuola loro le foglie che mitici,2023-08-08 09:06:55,2023,8,False,morning,9,21,42,0.3333333333333333,Travel,CAROUSEL,False,False,False,False,False,False,False,False,False,False,False,False,False,False,False,False,False,False,False,False,False,286,0,25.5,0,0,False,False,False,0,4,1.0124652777777778,7.860775462962963,2,0,False,False,False,False,0,0,,0.0,0.0,,[],[],[],[],[],Queen Elizabeth National Park,real
17979262991211407,Trovatemi qualcosa di più dolce di un cucciolo di gorilla.  Se esiste.,2023-08-09 14:19:34,2023,8,False,afternoon,14,42,90,0.3181818181818182,Food,VIDEO_REELS,False,False,False,False,False,False,False,False,False,False,False,False,False,False,False,False,False,False,False,False,False,70,0,6.0,0,0,False,False,False,0,5,1.2171180555555556,9.077893518518518,2,1,False,False,False,False,0,1,36.400001525878906,0.0,0.0,licensed_music,[],[],[],[],[],Bwindi Impenetrable Forest National Park,real
18000521239972615,"Ultimo giorno in Uganda, domani faremo 9 ore di macchina per arrivare a Kampala e prendere un aereo per Zanzibar. È stata una settimana incredibile. Ora pronti per qualche bagnetto",2023-08-10 10:54:16,2023,8,False,morning,10,13,11,0.5416666666666666,Private Life,CAROUSEL,False,False,False,False,False,False,False,False,False,False,False,False,False,False,False,False,False,False,False,False,False,180,0,10.0,0,0,False,False,False,0,6,0.8574305555555556,9.935324074074074,2,2,False,False,False,False,0,0,,0.0,0.0,,[],[],[],[],[],Uganda,real
17935575245705945,"Grazie Zanzibar per avere dato i natali a Freddie Mercury e per questo mare senza senso (*senza senso: in sens. figurato: bellissimo, talmente bello da non essere comprensibile con la ragione, entusiasmante, sconvolgente).",2023-08-13 11:43:51,2023,8,True,morning,11,36,53,0.4044943820224719,Travel,CAROUSEL,False,False,False,False,False,False,False,False,False,False,False,False,False,False,False,False,False,False,False,False,False,222,0,16.5,0,0,False,False,False,0,4,3.0344328703703702,12.969756944444445,2,1,False,False,False,False,0,0,,0.0,0.0,,[],[],[],[],[],"Zanzibar, Tanzania",real
18013122370774679,Oggi in piscina nell’ordine:  - ricostruzione di una caduta fatale - Spiderman - Crazy frog rintintintin etc - todo el mundo all’ischierda  - la maschera di ferro quando gli tolgono la maschera di ferro - 56 di piede - bellezza d’altri tempi,2023-08-14 11:19:41,2023,8,False,morning,11,31,58,0.348314606741573,Relatable Comedy,CAROUSEL,False,False,False,False,False,False,False,False,False,False,False,False,False,False,False,False,False,False,False,False,False,241,0,35.0,0,0,False,False,False,0,4,0.9832175925925926,13.952974537037036,2,0,False,False,False,False,0,1,,0.0,0.0,,[],[],[],[],[],ARTE in disp ARTE,fake
17874535787947609,"Oggi ci siamo sposati al mercato delle spezie con dei prestigiosi anelli foglia e poi siamo andati a vedere le tartarughe giganti a Prison island, la più vecchia ha 197 anni, pensate che due coglioni poraccia. Piena rasa dal 1826.",2023-08-15 12:40:22,2023,8,False,afternoon,12,51,89,0.3642857142857142,Reflections,CAROUSEL,False,False,False,False,False,False,False,False,False,False,False,False,False,False,False,False,False,False,False,False,False,230,0,20.0,0,0,False,False,False,0,4,1.0560300925925925,15.00900462962963,2,0,False,False,False,False,0,1,,0.0,0.0,,[],[],[],[],[],Look Sposa,fake
18059274646438118,"Questi sono alcuni dei lbri che hanno accompagnato la mia estate.  L’ottava vita è un libro meraviglioso, 1150 pagine di una storia da cui non riuscirete a staccarvi. Partirete dalla Georgia, nei primi del novecento e percorrerete tutto il secolo al fianco di otto donne che, arrivati alla fine, vi mancheranno terribilmente.  La canzone di Achille. Ho fatto il liceo classico e non c’erano soprese di trama, conoscevo la storia e il suo finale fin dalla prima riga, ma questo non mi ha impedito di piangere a dirotto una volta terminato.  I miei piccoli dispiaceri secondo me non è un libro per tutti. Le tematiche trattate sono macigni e il libro procede lentamente, con una sintassi faticosa. Eppure c’è qualcosa, in quei lunghi discorsi indiretti, che nonostante tutto ti rimane incastrata nel petto.  Il mondo di Sofia lo avevo iniziato quest’inverno, è un classico che rimane sempre originale, da Democrito a Kant ripercorre la storia della filosofia in modo semplice,leggero e appassionante.  Trovate qualche approfondimento nelle storie🫶🏻",2023-08-20 10:54:23,2023,8,True,morning,10,15,51,0.2272727272727272,Culture,CAROUSEL,False,False,False,False,False,False,False,False,False,False,False,False,False,False,False,False,False,False,False,False,False,1045,0,16.8,0,0,True,False,False,1,3,4.926400462962963,19.9354050925926,2,1,False,False,False,False,0,0,,0.0,0.0,,[],[],[],[],[],,no
17977025432449230,Bellissima passeggiata fino al rifugio Venezia ma parliamo di cose serie allora menù molto buono io ho preso ovviamente da bere la radler invece da mangiare polenta e formaggio grigliato poi zuppa di legumi poi torta cioccolato e ricotta poi torta solo cioccolato e cafferino. Chi mi ammazza,2023-08-21 14:36:52,2023,8,False,afternoon,14,9,34,0.2093023255813953,Food,CAROUSEL,False,False,False,False,False,False,False,False,False,False,False,False,False,False,False,False,False,False,False,False,False,291,0,24.0,0,0,False,False,False,0,2,1.1545023148148148,21.08990740740741,2,1,False,False,False,False,0,1,,0.0,0.0,,[],[],[],[],[],Rifugio Venezia,real
18096896053350595,"Contro ogni regola dell’istagra pubblico questa foto in orizzontale perchè me l’ha fatta Dori, la fidanzata di mio fratello, con la sua macchina fotografica mentre prendevo un po’ di sole sulla cima del Monte Rite, dove in un ex forte della grande guerra sorge uno dei sei musei dedicati a Reinhold Messner sulla storia dell’alpinismo dolomitico.",2023-08-22 16:09:08,2023,8,False,afternoon,16,18,21,0.4615384615384615,Private Life,IMAGE,False,False,False,False,False,False,False,False,False,False,False,False,False,False,False,False,False,False,False,False,False,346,0,56.0,0,0,False,False,False,0,2,1.0640740740740742,22.15398148148148,2,2,False,False,False,False,0,1,,0.0,0.0,,[],[],[],[],[],Monte Rite,real
18224448898223171,"Oggi ferrata e poi dopo salita in cima al Sass de Stria, non mi sento più le gambe e neanche le braccia ma bello",2023-08-23 13:47:19,2023,8,False,afternoon,13,32,41,0.4383561643835616,Relatable Comedy,VIDEO_REELS,False,False,False,False,False,False,False,False,False,False,False,False,False,False,False,False,False,False,False,False,False,112,0,24.0,0,0,False,False,False,0,3,0.9015162037037036,23.055497685185184,2,1,False,False,False,False,0,1,12.37399959564209,0.0,0.0,original_sounds,[],[],[],[],[],Ferrata Fusetti,real
17946985751676095,"Questi 16 chilometri con 1000 metri di dislivello in 5 ore 30 minuti difficilmente me li dimenticheró, ma la vista dal rifugio Tissi ripaga la fatica. Per vista intendo del menù",2023-08-24 16:32:55,2023,8,False,afternoon,16,18,20,0.4736842105263157,Private Life,CAROUSEL,False,False,False,False,False,False,False,False,False,False,False,False,False,False,False,False,False,False,False,False,False,177,0,15.5,0,0,False,False,False,0,4,1.115,24.170497685185182,2,2,False,False,False,False,0,1,,0.0,0.0,,[],[],[],[],[],"Civetta, Rifugio Tissi",real
17977537019290764,Finite ufficialmente le vacanze eccomi qua pronta per tuffarmi a capofitto nella mia piscina di ansie da prestazione e paure di fallire e a voi come va? Di cosa è piena la vostra vasca?,2023-08-26 11:51:40,2023,8,True,morning,11,69,160,0.3013100436681222,Travel,IMAGE,False,False,False,False,False,False,False,False,False,False,False,False,False,False,False,False,False,False,False,False,False,185,0,17.0,0,2,False,False,False,0,5,1.8046875,25.975185185185182,2,1,False,False,False,False,1,1,,0.0,0.0,,[],[],[],[],[],BITE Salad,fake
17974063475527429,Team Conrad o Team Jeremiah?  My 2 cent.,2023-08-28 16:42:15,2023,8,False,afternoon,16,64,295,0.1782729805013927,Relatable Comedy,VIDEO_REELS,False,False,False,False,False,False,False,False,False,False,False,False,False,False,False,False,False,False,False,False,False,40,0,4.0,0,1,False,False,False,0,4,2.2017939814814813,28.176979166666666,1,2,False,False,False,False,1,1,168.33299255371094,0.0,0.0,original_sounds,[],[],[],[],[],,no
18057244885443227,"Arrivata a Venezia avevo due opzioni o coprire le ginocchia con 3 chili di fondotinta o approfittare del fatto che essendo verdi e viola, si sarebbero abbinate al vestito. Ho optato per la seconda.  Il vestito carrrinissimo adorabile è di @mvpwardrobe  Le scarpe sono @lesilla  La borsa è di @benedettabruzziches  Le foto di @martinamariottiph  E i lividi miei❤️ #iltuffo1952 #venezia80 #suppliedby",2023-08-30 18:26:19,2023,8,False,evening,18,107,151,0.4147286821705426,Beauty & Fashion,CAROUSEL,False,False,False,False,False,False,False,False,False,False,False,False,False,False,False,False,True,False,True,False,False,397,0,20.33333333333333,0,0,True,False,False,1,3,2.0722685185185186,30.249247685185185,0,0,False,False,False,False,0,1,,3.0,4.0,,[],[],[],[],[],,no
17994197393281657,Finalmente un red carpet come attrice protagonista: il tuffo 1952 oggi è vostro. Grazie a tutti per l’amore che avete dato a questo film.  Pronta per la proiezione in sala!   Vestito: @revest  Scarpe: @lesilla  Gioielli: @leopizzoofficial  Makeup and hair: @marademarcomua  Stylist: @floriana_serani_styling e @dilech_  Pic: @martinamariottiph  #supplied #venezia80,2023-08-31 15:25:26,2023,8,False,afternoon,15,289,859,0.2517421602787456,Beauty & Fashion,VIDEO_REELS,False,False,False,False,False,False,False,False,False,False,False,False,False,False,False,False,True,False,True,False,False,365,0,12.0,1,0,False,False,False,0,4,0.874386574074074,31.12363425925926,0,1,False,False,False,False,0,1,27.933000564575195,2.0,7.0,licensed_music,[],[],[],[],[],Sina Centurion Hotel,real
18016954138783314,"Faccio questo post così un giorno quando avró perso tutte le foto potró tornare su internet e dire ai miei nipoti: vedete questa è la nonna tanto tanto tempo fa ha recitato in un film che ha vinto il leone d’oro, tanto loro che cacchio ne sanno le guarderanno come noi guardiamo foto di newyork nell’800 colorate in post.  #venezia80 #iltuffo1952",2023-09-01 13:18:31,2023,9,True,afternoon,13,107,268,0.2853333333333333,Community,CAROUSEL,False,False,False,False,False,False,False,False,False,False,False,False,False,False,False,False,False,False,False,False,False,346,0,30.5,0,0,False,False,False,0,4,0.911863425925926,32.035497685185184,0,0,False,True,False,True,0,1,,2.0,0.0,,['martinamariottiph' 'eleonoraproietti' 'marademarcomua'],['23910055' '35320740' '188590990'],[],[],[],Lido Di Venezia Festival Del Cinema Di Venezia,real
17986715516350109,Quando all’esame ti dicono che puoi parlare di un argomento a scelta e inizi a fare il cinema.   @campari.it #RedPassion #CampariCinema  #Venezia80 #adv,2023-09-02 10:30:54,2023,9,True,morning,10,23,19,0.5476190476190477,Cinema & TV,VIDEO_REELS,False,False,False,False,False,False,False,False,False,False,False,False,False,False,False,False,True,True,False,False,False,152,0,8.0,0,0,False,False,False,0,5,0.8835995370370371,32.91909722222222,0,0,False,False,False,False,0,0,33.0,4.0,1.0,original_sounds,[],[],[],[],[],,no
18378155902057058,"È uscita la seconda stagione della Ruota del tempo su @primevideoit e sapendomi fan della serie mi hanno chiesto di fare un piccolo cameo di doppiaggio. Una battuta di 7 parole in croce che per me, Lombarda, è stata veramente un gioco da ragazzi. (Ps Grazie di cuore a @giuppy_izzo_now_adesso, una voce che conoscete tutti molto bene e che con la sua professionalità e dolcezza è riuscita a evitare che succedesse davvero questo😂) #TheWheelOfTime #LaRuotaDelTempo #adv",2023-09-04 09:12:34,2023,9,False,morning,9,16,37,0.3018867924528302,Games,VIDEO_REELS,False,False,False,False,False,False,False,False,False,False,False,False,False,False,False,False,True,True,False,False,False,468,0,25.33333333333333,0,0,False,True,False,1,5,1.945601851851852,1.945601851851852,1,0,False,False,False,False,0,0,68.83300018310547,3.0,2.0,original_sounds,[],[],[],[],[],,no
18233223214226058,"Ieri sono iniziate le prove dello spettacolo a teatro che dureranno per tutto il mese fino al debutto del 6ottobre. Sono molto emozionata ma soprattutto divorata dall’ansia, dalla paura e da mille mostri gastrointestinali che mi costrigono a lunghe riunioni nella sala del trono, quella che tutti conoscete. Vorrei tornare al momento di questa foto dove il pensiero negativo era solo cerchiamo di non sgualcire i pantaloni appena stirati. Anche voi una riunione dietro l’altra questo settembre?",2023-09-05 08:43:18,2023,9,False,morning,8,39,50,0.4382022471910112,Theatre,CAROUSEL,False,False,False,False,False,False,False,False,False,False,False,False,False,False,False,False,False,False,False,False,False,494,0,19.25,0,1,False,False,False,0,5,0.979675925925926,0.979675925925926,2,0,True,False,False,True,1,0,,0.0,0.0,,"['martinamariottiph' 'benedettabruzziches' 'lesilla' 'cristianoburani'
 'theblade_agency']",['23910055' '189306600' '192218729' '448678518' '6502582175'],[],[],[],Sala Del Trono - Palazzo Del Duca,real
17939363723708282,"Buongiorno a tutti voi viaggiatori interdimensionali, oggi in quale dimensione vivrete questo delizioso lunedi?",2023-09-11 08:57:09,2023,9,False,morning,8,65,228,0.2218430034129692,Relatable Comedy,VIDEO_REELS,False,False,False,False,False,False,False,False,False,False,False,False,False,False,False,False,False,False,False,False,False,111,0,14.0,0,1,False,False,False,0,2,6.009618055555555,6.989293981481482,2,2,False,False,False,False,1,1,26.90999984741211,0.0,0.0,original_sounds,[],[],[],[],[],,no
18062880241427599,"Come ogni anno ho portato a sviluppare il rullino della macchinetta analogica che mi porto sempre dietro e con cui scatto foto casuali di cui poi mi dimentico e che rivedo magari solo anni dopo, quando mi dico che è arrivato il momento di sviluppare il rullino e i ricordi. Nel passato trovo sempre il mio presente, e questo mi rincuora.",2023-09-16 11:02:38,2023,9,True,morning,11,15,12,0.5555555555555556,Community,IMAGE,False,False,False,False,False,False,False,False,False,False,False,False,False,False,False,False,False,False,False,False,False,337,0,30.5,0,0,False,False,False,0,1,5.087141203703704,12.076435185185185,2,1,False,False,False,False,0,0,,0.0,0.0,,[],[],[],[],[],La Macchinetta,fake
17988432689148151,"Sandra e Raimondo attending the premiere of Il Gattopardo, 1963.",2023-09-26 11:13:28,2023,9,False,morning,11,20,21,0.4878048780487805,Private Life,IMAGE,False,True,False,False,False,False,False,False,False,False,False,False,False,False,False,False,False,False,False,False,False,64,0,10.0,0,0,False,False,False,0,0,10.007523148148149,22.08395833333333,2,0,False,False,False,False,0,1,,0.0,0.0,,['guglielmoscilla'],['10279523'],[],[],[],,no
17971042298438212,Ciao oggi alle prove tutto bene 👍🏼,2023-09-29 13:58:25,2023,9,True,afternoon,13,24,19,0.5581395348837209,Theatre,CAROUSEL,False,False,False,False,False,False,False,False,False,False,False,False,False,False,False,False,False,False,False,False,False,33,0,6.0,0,0,False,False,False,1,1,3.114548611111111,25.198506944444443,2,1,False,False,False,False,0,1,,0.0,0.0,,[],[],[],[],[],Poverina,fake
18049868746444951,"Oggi è il 1 ottobre.  Una data che quando ho iniziato a preparare lo spettacolo mi sembrava lontanissima.  Mancano 5 giorni a quella che a oggi mi sembra la piú grande sfida che io mi sia mai prefissata: affrontare il mostro dell’ansia, dei crampi addominali, dei tremori, dei vuoti di memoria, del panico, della tachicardia invalidante, della nausea e dirgli: “Bro, not today”.  Anche se ora mi sento un’impotente Aria stark con la dissenteria, confido in bel finale -che poi è solo un inizio- per questa stagione della mia vita.",2023-10-01 11:27:52,2023,10,True,morning,11,57,61,0.4830508474576271,Theatre,IMAGE,False,False,False,False,False,False,False,False,False,False,False,False,False,False,False,False,False,False,False,False,False,530,0,22.5,0,0,False,False,False,0,2,1.8954513888888889,27.093958333333333,2,2,False,False,False,False,0,1,,0.0,0.0,,[],[],[],[],[],NOT TODAY,fake
18105616477338254,Quando non hai piú foto da postare e decidi di andare un po’ indietro nel tempo col rullino ma sei costretta a rivelare a tutti che in realtá nel 1950 eri già un vampiro di 304 anni.,2023-10-04 11:12:24,2023,10,False,morning,11,27,56,0.3253012048192771,Community,IMAGE,False,False,False,False,False,False,False,False,False,False,False,False,False,False,False,False,False,False,False,False,False,182,0,37.0,0,0,False,False,False,0,2,2.989259259259259,30.0832175925926,0,2,False,False,False,False,0,1,,0.0,0.0,,[],[],[],[],[],,no
18196831045287542,"Il giorno dopo la prima a teatro.  Non credo di essere ancora in grado di raccontare che cosa è successo, devo ancora riordinare parole, immagini, pensieri.  Una cosa peró mi è già molto chiara: il vostro affetto è stata un’onda che mi ha travolta e protetta per tutto il tempo.  Mi sembra, oggi, di essere a una di quelle cene con gli amici di una vita, dove ti rendi davvero conto di quante avventure avete fatto insieme.  Grazie per essere a questo tavolo con me.  Stasera si torna in scena e lunedí dovrebbero uscire nuove date dello spettacolo, il mio impegno è quello di abbracciarvi il piú possibile.",2023-10-07 14:28:22,2023,10,True,afternoon,14,49,71,0.4083333333333333,Theatre,IMAGE,False,False,False,False,False,False,False,False,False,False,False,False,False,False,False,False,False,False,False,False,False,607,0,18.0,0,0,False,False,False,0,2,3.136087962962963,33.21930555555556,0,3,False,False,False,False,0,0,,0.0,0.0,,[],[],[],[],[],,no
17976139475370149,"Ieri sera è stata la terza data del Saggio di fine anno a Milano, una triade di serate teatrali che ha aperto un tour che riprenderà a Marzo.  Mentre ricompongo le idee e ragiono su come raccontarvi cosa davvero questa settimana abbia significato per me, vi condivido le nuove date che abbiamo aggiunto al tour.  Sto facendo il possibile per arrivare ad abbracciarvi tutti perchè ci tengo tantissimo.  Le vendite dei biglietti apriranno domani alle 14 al link che trovate già nella mia bio. ❤️ Grazie, l’ho detto tante volte ma non è mai abbastanza.",2023-10-09 12:04:29,2023,10,False,afternoon,12,31,135,0.1867469879518072,Theatre,IMAGE,False,False,False,False,False,False,False,False,False,False,False,False,False,False,False,False,False,False,False,False,False,548,0,18.8,0,0,True,False,False,1,2,1.9000810185185184,35.11938657407408,0,4,True,False,False,False,0,0,,0.0,0.0,,['vivoconcerti' 'showreel_factory'],['212137953' '2288459744'],[],[],[],,no
18007092314005080,"Ebbene sono ufficialmente aperte le vendite biglietti delle nuove date del Saggio di Fine anno.  Lasciatemi condividere con voi qualche foto che tuttavia riuscirà a restituire solo una minima parte della gioia, della tensione, della commozione e dell’amore che hanno colorato queste prime tre serate di debutto.  Grazie a @guglielmoscilla , a cui dedicheró un post a parte, e che è stato la cura per ogni mia paura.  Grazie a @frankmatano per la sua gentilezza e professionalità, ma soprattutto avere la risata più contagiosa dell’emisfero boreale.  Grazie a @claudiodibiagio , per dire sempre sí a ogni cosa che ti propongo, perchè sei dolcemente matto in culo.  Grazie a @piuttosto_che per i suoi stacchetti incredibili, il suo accento trasteverino e la sua simpatia.   Grazie a @giorgio_camandona perchè il mondo della danza sa, e a @gianlucacornacchia_  e @_valeangeli_ per averlo dimostrato.  A questi amici dico grazie di cuore per essere stati al mio fianco in queste prime tre date.  Chi invece sarà con me per tutto il tour sono @le_endrigoband: musicisti, intrattenitori, giocolieri mentalisti amici e molto altro.   Vi presenteró piano piano anche tutte le altre meravigliose persone che compongono questa grande squadra con cui ci vedremo nel 2024, ma per ora godiamoci questi sorrisi❤️",2023-10-10 12:03:45,2023,10,False,afternoon,12,30,77,0.2803738317757009,Theatre,CAROUSEL,False,True,False,True,False,False,False,True,False,False,False,False,False,False,True,False,True,False,False,False,False,1297,0,20.1,0,0,True,False,False,1,3,0.9994907407407408,36.11887731481482,0,5,False,True,True,False,1,1,,0.0,8.0,,"['frankmatano' 'claudiodibiagio' 'guglielmoscilla' 'giorgio_camandona'
 'gianlucacornacchia_' 'le_endrigoband' 'piuttosto_che' '_valerioangeli_']","['2404877' '5160149' '10279523' '2130417063' '2231704885' '3125432465'
 '4794553870' '6038489248']",[],[],[],,no
17996192576331375,"Lasciatemi fare un ultimo post per ringraziare non solo chi avete visto sul palco, ma tutte le persone incredibili che ci hanno lavorato e ci lavoreranno dietro.  Partirei da chi ha scritto con me questo spettacolo: due autori, fratelli, cabarettisti, ballerini che in realtà nascono dal teatro: @volevosolocondurretrl e @christiantheseeker98. Grazie per essere stati imbecilli qb, vi voglio molto bene.  Grazie a tutta la squadra di produzione di @vivoconcerti e ai tecnici che hanno lavorato allo spettacolo, capitanati dal solo e unico @gio.nesci: sapere che sarete con me per tutto il tour mi regala la stessa sensazione di quando togli gli scarponi dopo una giornata di sci, mi sembra di volare.  Due persone poi sono state al mio fianco da sempre e non mi hanno fatta ricoverare quando una mattina mi sono presentata in ufficio dicendo “vorrei fare uno spettacolo a teatro”. Una è @beegatti, l’executive producer, che è la persona più affidabile che io conosca e che per mesi e mesi mi ha letto la mente facendo trovare già pronte cose che avevo solo pensato. La seconda la conoscete bene e si chiama @helio83. Potrei dirvi che è stato il regista dello spettacolo ma non sarebbe sufficiente.  Helio è stato tutto quello che serviva essere: un amico, un manager, uno psicologo, un veggente, un barman e il C.e.o della pazienza.  Potrei fare a meno di tante cose nella mia vita, ma certamente non di helio di nardo.  E questo è tutto, per ora❤️",2023-10-12 07:21:37,2023,10,False,morning,7,3,12,0.2,Theatre,CAROUSEL,False,False,False,False,False,False,False,False,False,False,False,False,False,False,False,False,True,False,False,False,False,1447,0,17.642857142857142,0,0,True,False,False,1,3,1.8040740740740744,37.92295138888889,0,6,True,True,False,False,0,1,,0.0,6.0,,"['heliodinardo' 'beegatti' 'christiantheseeker98' 'vivoconcerti'
 'paologioia_' 'gio.nesci' 'showreel_factory']","['1587576' '49772888' '194358634' '212137953' '1057650865' '2022906293'
 '2288459744']",[],[],[],,no
18003742277086500,Banalmente la famiglia Barbera in vacanza in Tailandia.  Zia Franca Alberta sta facendo da babysitter a Eugenio ma tra poco lo rispediamo inisvizzera dove merita di stare.  Our angel❤️,2023-10-13 07:32:54,2023,10,True,morning,7,20,16,0.5555555555555556,Travel,CAROUSEL,True,True,False,True,False,False,False,False,False,False,False,False,False,False,False,False,False,False,False,False,False,183,0,9.666666666666666,0,0,True,False,False,1,4,1.007835648148148,38.93078703703704,0,0,False,False,False,False,0,1,,0.0,0.0,,['alicelikeaudrey' 'claudiodibiagio' 'guglielmoscilla'],['2452651' '5160149' '10279523'],[],[],[],,no
17989737029363369,"Oggi salutiamo Bangkok per andare ad Hanoi.  Non ci torno dal 2018, il mio primo viaggio con Romi, la nostra luna di miele in cui abbiamo sperimentato il colpo del re: vomitare e cacare contemporaneamente e nello stesso bagno per un’intossicazione alimentare che non dimeticherò mai.  Spero in nuovo finale per questo Vietnam 2023.",2023-10-14 08:28:32,2023,10,True,morning,8,18,30,0.375,Travel,CAROUSEL,False,False,False,False,False,False,False,False,False,False,False,False,False,False,False,False,False,False,False,False,False,331,0,18.0,0,0,False,False,False,0,5,1.0386342592592592,39.9694212962963,0,1,False,False,False,False,0,1,,0.0,0.0,,[],[],[],[],[],สวนสัตว์พาต้า,real
17995358267221408,Il coro dell’antognANO mentre aggiusta le buche sulla Salerno Reggio Calabria.,2023-10-15 11:31:02,2023,10,True,morning,11,71,96,0.4251497005988024,Relatable Comedy,VIDEO_REELS,True,True,False,True,False,False,False,False,False,False,False,False,False,False,False,False,False,False,False,False,False,78,0,11.0,0,0,False,False,False,0,5,1.1267361111111112,41.09615740740741,0,0,False,False,False,False,0,1,61.507999420166016,0.0,0.0,original_sounds,['alicelikeaudrey' 'claudiodibiagio' 'guglielmoscilla'],['2452651' '5160149' '10279523'],[],[],[],,no
17896199792823753,Vedere le risaie di Ubud col sole durante la stagione delle pioggie è stato quel colpo di fortuna che non so perchè mi sento pagherò in qualche modo infatti vado subito a spargere il sale agli angoli della stanza ma intanto questo verde smeraldo va flexato in qualche modo. In Italia come siamo messi a temperatura? Ho sentito che il Natale è arrivato nel giro di un paio d’ore,2023-10-18 10:55:29,2023,10,False,morning,10,19,28,0.4042553191489361,Travel,CAROUSEL,False,False,False,False,False,False,False,False,False,False,False,False,False,False,False,False,False,False,False,False,False,377,0,23.0,0,1,False,False,False,0,4,2.9753125,44.071469907407405,0,2,False,False,False,False,1,1,,0.0,0.0,,[],[],[],[],[],"Bali, Indonesia",real
17899769363866339,"Non so perchè a Bali hanno pensato che un prop carino da aggiungere alla foto sarebbe stato un cartello di legno che segnala a tuo padre la tua buona salute, ma non volevo deluderli e quindi eccomi qua",2023-10-20 06:15:56,2023,10,True,morning,6,8,25,0.2424242424242424,Reflections,CAROUSEL,False,False,False,False,False,False,False,False,False,False,False,False,False,False,False,False,False,False,False,False,False,201,0,38.0,0,0,False,False,False,0,4,1.8058680555555555,45.87733796296296,0,0,False,False,False,False,0,1,,0.0,0.0,,[],[],[],[],[],"Bali, Indonesia",real
18213568726301459,POV: quando Risiko ti insegna la geografia.   @risiko_original @stograntour #risiko #girodellaplancia #stograntour #adv,2023-10-22 11:17:18,2023,10,True,morning,11,17,40,0.2982456140350877,Relatable Comedy,VIDEO_REELS,False,True,False,False,False,False,False,False,False,False,False,False,False,False,False,False,True,True,False,False,False,119,0,6.5,0,0,False,False,False,0,3,2.209282407407408,48.08662037037037,0,1,False,False,False,False,0,1,72.65299987792969,4.0,2.0,licensed_music,['guglielmoscilla'],['10279523'],['guglielmoscilla'],['10279523'],[],,no
18025631236735903,"Ho analizzato i poteri magici degli studenti alla Godolking University, ecco il mio parere da docente di difesa contro le arti oscure.  #GenV @primevideoit #adv",2023-10-28 12:55:16,2023,10,True,afternoon,12,11,68,0.1392405063291139,Cinema & TV,VIDEO_REELS,False,False,False,False,False,False,False,False,False,False,False,False,False,False,False,False,True,True,False,False,False,160,0,12.5,0,0,False,False,False,0,1,6.068032407407407,6.068032407407407,1,0,False,False,False,False,0,1,84.43299865722656,2.0,1.0,original_sounds,[],[],[],[],[],,no
18001031867479788,Famme magnà: i cookies spegggiali.,2023-11-03 12:37:14,2023,11,True,afternoon,12,43,190,0.1845493562231759,Cooking,VIDEO_REELS,False,False,False,False,False,False,False,False,False,False,False,False,False,False,False,False,False,False,False,False,False,34,0,5.0,0,0,False,False,False,0,1,5.987476851851852,5.987476851851852,2,0,False,False,False,False,0,1,307.6000061035156,0.0,0.0,original_sounds,[],[],[],[],[],,no
18029601388649659,Tre persone a cui voglio molto bene.,2023-11-07 11:42:52,2023,11,False,morning,11,10,11,0.4761904761904761,Private Life,IMAGE,True,True,False,True,False,False,False,False,False,False,False,False,False,False,False,False,False,False,False,False,False,36,0,7.0,0,0,False,False,False,0,1,3.96224537037037,9.949722222222222,2,0,False,False,False,False,0,0,,0.0,0.0,,['alicelikeaudrey' 'claudiodibiagio' 'guglielmoscilla'],['2452651' '5160149' '10279523'],[],[],[],,no
17981968193543844,Cosa succederebbe se usassimo il 100% del nostro stile?,2023-11-11 11:31:14,2023,11,True,morning,11,55,169,0.2455357142857142,Relatable Comedy,VIDEO_REELS,False,True,False,False,False,False,False,False,False,False,False,False,False,False,False,False,False,False,False,False,False,55,0,9.0,0,1,False,False,False,0,1,3.991921296296296,13.941643518518518,2,2,False,False,False,False,0,1,17.933000564575195,0.0,0.0,original_sounds,['guglielmoscilla'],['10279523'],['guglielmoscilla'],['10279523'],[],,no
18009265391079553,"Larper semplice vol II: se durante l’evento è previsto un ballo, il lampadario lo porto io. #bossdellecerimonie",2023-11-13 15:56:35,2023,11,False,afternoon,15,41,105,0.2808219178082192,Games,VIDEO_REELS,False,False,False,False,False,False,False,False,False,False,False,False,False,False,False,False,False,False,False,False,False,111,0,8.5,0,0,False,False,False,0,2,2.184270833333333,16.12591435185185,2,0,True,False,False,False,0,1,20.06599998474121,1.0,0.0,original_sounds,['silvianobilicouture_official'],['252012318'],[],[],[],,no
18001232204490959,"Aletta interna di un libro la cui quarta di copertina recita: “Quell’anno l’inverno non era ancora iniziato, eppure Camilla si era già rotta i coglioni”. Devo ancora decidere titolo",2023-11-17 11:59:50,2023,11,True,morning,11,15,20,0.4285714285714285,Culture,IMAGE,False,False,False,False,False,False,False,False,False,False,False,False,False,False,False,False,False,False,False,False,False,181,0,14.5,0,0,False,False,False,0,2,3.835590277777778,19.96150462962963,2,0,False,True,False,False,0,1,,0.0,0.0,,['marconofri'],['1380180'],[],[],[],,no
18007488530111620,"“Non me ne frrega un cazzo di chi parrla alle mie spalle, io aspetterrró che me lo dikano davani, fino ad allorrra merritano di starre dove sono: dietrrro di me” - Enricoviaggiator12, TT 2023.",2023-11-24 11:22:49,2023,11,True,morning,11,17,27,0.3863636363636363,Private Life,CAROUSEL,False,False,False,False,False,False,False,False,False,False,False,False,False,False,False,False,False,False,False,False,False,192,0,33.0,0,0,False,False,False,0,1,6.974293981481481,26.93579861111111,1,1,False,False,False,False,0,1,,0.0,0.0,,[],[],[],[],[],,no
17887733162953516,"Oggi compie gli anni mio fratello, conosciuto nel quartiere come il fresco di zona: grazie per avermi scaldato l’anulare in tutti questi lunghi anni, non vedo l’ora di vivere insieme tutti quelli che arriveranno. Ti voglio molto bene è chiaro fra, a dopo giá lo sai",2023-11-26 09:57:19,2023,11,True,morning,9,15,36,0.2941176470588235,Private Life,CAROUSEL,False,True,False,False,False,False,False,False,False,False,False,False,False,False,False,False,False,False,False,False,False,265,0,23.0,0,0,False,False,False,0,1,1.940625,28.87642361111111,1,2,False,False,False,False,0,1,,0.0,0.0,,['guglielmoscilla'],['10279523'],[],[],[],,no
18248898319229408,"Giornate molto belle con amici podcaster, colgo l’occasione per ringraziarvi di cuore per tutto l’affetto e l’attenzione che avete dimostrato per “Tutte le volte che”, i vostri Spotify Wrapped ci hanno commosse. Vi vogliamo mega bene!",2023-11-30 14:44:20,2023,11,False,afternoon,14,3,17,0.15,Podcast,CAROUSEL,True,False,False,False,False,False,False,False,False,False,False,False,False,False,True,False,False,False,False,False,False,234,0,18.0,1,0,False,False,False,0,2,4.199317129629629,33.07574074074074,0,0,True,True,False,False,0,0,,0.0,0.0,,"['alicelikeaudrey' 'elisademarco' 'geopop' 'christiantheseeker98'
 'menerallegro' 'spotifyitaly']",['2452651' '3478947' '36262673' '194358634' '4022380266' '13743698303'],[],[],[],,no
18021280690848132,"Pronta per un nuovo larp: sarò Anais Gabriaux, la vostra arrichita strega di quartiere. Il potere del Trio coincide col mio(iban).",2023-12-01 12:51:59,2023,12,True,afternoon,12,18,34,0.3461538461538461,Private Life,IMAGE,False,False,False,False,False,False,False,False,False,False,False,False,False,False,False,False,False,False,False,False,False,130,0,11.0,0,0,False,False,False,0,2,0.9219791666666668,33.99771990740741,0,3,False,False,False,False,0,1,,0.0,0.0,,[],[],[],[],[],,no
18217576240248855,Chi sono? Solo risposte sbagliate.   #tebe #eryados #larp,2023-12-04 11:55:02,2023,12,False,morning,11,31,150,0.1712707182320442,Private Life,CAROUSEL,False,True,False,False,False,False,False,False,False,False,False,False,False,False,False,False,False,False,False,False,False,57,0,2.6666666666666665,0,1,False,False,False,0,2,2.960451388888889,36.9581712962963,0,4,False,False,False,True,1,1,,3.0,0.0,,['guglielmoscilla' 'fotografo_artigianale' '_eryados_'],['10279523' '1478066430' '8298858790'],[],[],[],,no
17922662312811429,E voi? Tutto ok?,2023-12-07 12:39:05,2023,12,False,afternoon,12,27,218,0.110204081632653,Relatable Comedy,VIDEO_REELS,False,False,False,False,False,False,False,False,False,False,False,False,False,False,False,False,False,False,False,False,False,16,0,2.0,0,2,False,False,False,0,3,3.030590277777778,39.98876157407408,0,1,False,False,False,False,1,1,79.16600036621094,0.0,0.0,original_sounds,[],[],[],[],[],,no
18405855697024864,Monday’s attitude.,2023-12-11 14:05:48,2023,12,False,afternoon,14,6,10,0.375,Private Life,IMAGE,False,False,False,False,False,False,False,False,False,False,False,False,False,False,False,False,False,False,False,False,False,18,0,2.0,0,0,False,False,False,0,1,4.060219907407407,44.04898148148148,0,5,False,False,False,False,0,0,,0.0,0.0,,[],[],[],[],[],OK,fake
18017760607827760,Uomo donna rimane uno dei miei dischi preferiti di sempre.,2023-12-14 12:28:31,2023,12,False,afternoon,12,7,23,0.2333333333333333,Private Life,CAROUSEL,False,False,False,False,False,False,False,False,False,False,False,False,False,False,False,False,False,False,False,False,False,58,0,10.0,0,0,False,False,False,0,2,2.9324421296296297,46.98142361111111,0,5,False,False,False,True,0,0,,0.0,0.0,,['manuelakali'],['8271175'],[],[],[],,no
17988250958600874,"Buon compleanno nonna.  Sogno spesso di poterti parlare ancora, pochi minuti.  Ci sediamo al tavolo della tua cucina, che ora non esiste piú, e ti racconto di tutti gli anni che la nebbia dell’alzheimer ci ha portato via e di quelli poi trascorsi senza di te. Tu ascolti e sorridi, poi il tempo del sogno finisce e mi saluti come facevi sempre, ciao amore della nonna, mi dici.  E poi mi sveglio.  Mi manchi nonna.",2023-12-21 10:23:40,2023,12,False,morning,10,54,238,0.184931506849315,Private Life,CAROUSEL,False,False,False,False,False,False,False,False,False,False,False,False,False,False,False,False,False,False,False,False,False,414,0,12.5,0,0,False,False,False,0,1,6.913298611111111,53.89472222222222,0,6,False,False,False,False,0,0,,0.0,0.0,,[],[],[],[],[],,no
17999007716151742,"Su Prime Video è disponibile Saltburn, un film che secondo me valeva la pena analizzare nel dettaglio. Ecco la mia rece umile #Saltburn #adv",2023-12-23 12:46:03,2023,12,True,afternoon,12,14,72,0.1627906976744186,Cinema & TV,VIDEO_REELS,False,False,False,False,False,False,False,False,False,False,False,False,False,False,False,False,False,True,False,False,False,140,0,12.0,0,0,False,False,False,0,1,2.098877314814815,55.99359953703704,0,0,True,False,False,False,0,1,89.5999984741211,2.0,0.0,original_sounds,['primevideoit'],['4168387559'],['primevideoit'],['4168387559'],[],,no
18064916698467588,In nessuna di queste altre vite ho accettato la scorza di agrumi candita come dolce anzi -consentitemi- come qualcosa di anche solo tollerabile.,2023-12-26 13:31:49,2023,12,False,afternoon,13,14,85,0.1414141414141414,Food,CAROUSEL,False,False,False,False,False,False,False,False,False,False,False,False,False,False,False,False,False,False,False,False,False,144,0,23.0,0,0,False,False,False,0,2,3.031782407407408,3.031782407407408,1,0,False,False,False,False,0,1,,0.0,0.0,,[],[],[],[],[],,no
18012840872314405,"That was Demetra Von Kopperstein, Arcaniversitas 1943. #larp",2023-12-29 10:26:51,2023,12,True,morning,10,40,86,0.3174603174603174,Private Life,CAROUSEL,False,False,False,True,False,False,False,False,False,False,False,False,False,False,False,False,False,False,False,False,False,60,0,4.0,0,0,False,False,False,0,2,2.8715509259259258,5.903333333333333,1,6,False,False,False,False,0,1,,1.0,0.0,,['claudiodibiagio' '_eryados_'],['5160149' '8298858790'],[],[],[],,no
18289555210155460,Per voi di che colore sono i mesi e perchè proprio come ho detto io?,2024-01-03 14:53:01,2024,1,False,afternoon,14,35,331,0.0956284153005464,Relatable Comedy,VIDEO_REELS,False,False,False,False,False,False,False,False,False,False,False,False,False,False,False,False,False,False,False,False,False,68,0,15.0,0,1,False,False,False,0,1,5.184837962962963,11.088171296296297,1,1,False,False,False,False,1,1,67.36599731445312,0.0,0.0,original_sounds,[],[],[],[],[],,no
17906269034908678,"#gihawkiamo: Everdell.  Lo conoscete? Vi piace? Se non lo conoscevate, vi ispira? Fatemi sapere🫶🏻 #everdell",2024-01-05 12:48:31,2024,1,True,afternoon,12,2,51,0.0377358490566037,Relatable Comedy,VIDEO_REELS,False,False,False,False,False,False,False,False,False,False,False,False,False,False,False,False,False,False,False,False,False,106,0,3.0,0,3,True,False,False,1,1,1.9135416666666667,13.001712962962962,1,2,False,False,False,False,1,1,192.36599731445312,2.0,0.0,original_sounds,[],[],[],[],[],,no
18013304015118277,Grwm: chiacchieriamo un po’+ sono iniziati i saldi dei miei prodotti sul sito di @we.makeup se vi serve qualcosa di scorta fateci un salto!,2024-01-08 15:50:36,2024,1,False,afternoon,15,9,62,0.1267605633802817,Beauty & Fashion,VIDEO_REELS,False,False,False,False,False,False,False,False,False,False,False,False,False,False,False,False,True,True,False,False,False,139,0,12.5,1,0,False,False,False,0,2,3.126446759259259,16.12815972222222,1,0,False,False,False,False,0,1,461.6659851074219,0.0,1.0,original_sounds,[],[],[],[],[],,no
18290694757199686,Rece umile: l’ultima cosa bella sulla faccia della terra. Lo avete letto? Che ne pensate?,2024-01-10 12:24:53,2024,1,False,afternoon,12,6,20,0.2307692307692307,Culture,VIDEO_REELS,False,False,False,False,False,False,False,False,False,False,False,False,False,False,False,False,False,False,False,False,False,89,0,5.0,0,2,False,False,False,0,3,1.857141203703704,1.857141203703704,2,0,False,False,False,False,1,1,190.5,0.0,0.0,original_sounds,[],[],[],[],[],,no
18081875413420073,"Al link che trovate nella bio sono usciti i biglietti per le nuove tre date del Saggio di fine anno: 29 Febbraio - Teatro Manzoni di Monza 2 Marzo - Teatro Lyrick di Assisi 10 Aprile - terza data al Teatro Nazionale che banca Milano  Delle date già annunciate rimane qualcosina su Bari, Trieste, Trento (solo su Boxol) e Mantova (ma solo se qualche abbonato rinuncerà un mese prima, gli altri sono tutti presi).   Grazie dal profondo del cuore.  Non vedo l’ora di vedervi!",2024-01-15 14:10:17,2024,1,False,afternoon,14,7,23,0.2333333333333333,Theatre,CAROUSEL,False,False,False,False,False,False,False,False,False,False,False,False,False,False,False,False,False,False,False,False,False,472,0,27.0,1,0,False,False,False,0,2,5.073194444444445,6.930335648148148,2,0,True,False,False,True,0,1,,0.0,0.0,,['martinamariottiph' 'vivoconcerti' 'showreel_factory' 'wordsforyou_pr'],['23910055' '212137953' '2288459744' '9257259570'],[],[],[],,no
17994232190295655,My life in 15 seconds,2024-01-18 11:59:35,2024,1,False,morning,11,7,20,0.2592592592592592,Relatable Comedy,VIDEO_REELS,False,False,False,False,False,False,False,False,False,False,False,False,False,False,False,False,False,False,False,False,False,21,0,5.0,0,0,False,False,False,0,1,2.909236111111111,9.83957175925926,2,2,False,False,False,False,0,1,13.666000366210938,0.0,0.0,original_sounds,[],[],[],[],[],,no
18001854362515908,"This was Annais Gabriaux, Tebe, larp 2023.",2024-01-19 11:52:55,2024,1,True,morning,11,7,11,0.3888888888888889,Private Life,CAROUSEL,False,False,False,False,False,False,False,False,False,False,False,False,False,False,True,False,False,False,False,False,False,42,0,7.0,0,0,False,False,False,0,2,0.9953703703703703,10.83494212962963,2,2,False,False,False,False,0,1,,0.0,0.0,,['_eryados_'],['8298858790'],[],[],[],,no
17989270052567073,Che dire? A volte forse basta davvero solo il pensiero.,2024-01-22 13:21:56,2024,1,False,afternoon,13,36,223,0.138996138996139,Reflections,VIDEO_REELS,False,False,False,False,False,False,False,False,False,False,False,False,False,False,False,False,False,False,False,False,False,55,0,5.0,0,1,False,False,False,0,3,3.0618171296296297,13.89675925925926,1,0,False,False,False,False,0,1,135.6999969482422,0.0,0.0,original_sounds,[],[],[],[],[],,no
17967996401546766,,2024-01-26 14:56:35,2024,1,True,afternoon,14,4,63,0.0597014925373134,Relatable Comedy,VIDEO_REELS,False,False,False,False,False,False,False,False,False,False,False,False,False,False,False,False,False,False,False,False,False,0,0,0.0,0,0,False,False,False,0,1,4.065729166666666,17.962488425925926,1,3,False,False,False,False,0,1,237.13299560546875,0.0,0.0,original_sounds,[],[],[],[],[],,no
18040634950598887,Questa ricetta si intitola: chi ha il pane non ha i denti ma chi ha i denti ce li ha bianchissimi. #adv @colgate.italia #Colgate #ColgateXFantasanremo #ColgateMaxWhite @fantasanremo,2024-02-01 14:04:07,2024,2,False,afternoon,14,10,46,0.1785714285714285,Games,VIDEO_REELS,False,True,False,False,False,False,False,False,False,False,False,False,False,False,False,False,True,True,False,False,False,181,0,9.333333333333334,0,0,False,False,False,0,1,5.963564814814815,23.926053240740742,1,0,False,False,False,False,0,0,77.57599639892578,4.0,2.0,original_sounds,['guglielmoscilla'],['10279523'],[],[],[],,no
17998526324430997,"Si conclude oggi l’ultima giornata delle première di @ilmondodialetheia.  È stato bellissimo vederle insieme a voi, conoscervi, abbracciarvi. D&d è un gioco stupendo a cui spero questo progetto possa dare ancora piú luce e visibilità in Italia. Grazie a tutti voi per aver creduto in questa follia, ci risentiamo il 27 quando uscirà -per tutti- la prima puntata su youtube❤️ Luthien vi abbraccia e vi casta comprensione di linguaggi. #d&d #premiere",2024-02-04 16:43:05,2024,2,True,afternoon,16,5,9,0.3571428571428571,YouTube,CAROUSEL,False,True,False,True,False,False,False,False,False,False,False,False,False,False,False,False,True,False,False,False,False,447,0,14.6,0,0,True,False,False,1,1,3.1103935185185185,3.1103935185185185,2,0,True,True,False,True,1,1,,2.0,1.0,,"['claudiodibiagio' 'adrianosantucci' 'guglielmoscilla' 'paolopiez'
 'martinapermegian' 'positivodiretto' 'ilmondodialetheia']","['5160149' '6595036' '10279523' '30910201' '291128834' '2716640273'
 '46262454669']",[],[],[],,no
18329954614111827,Sanremo dump 🌶️,2024-02-08 11:33:01,2024,2,False,morning,11,5,12,0.2941176470588235,Culture,CAROUSEL,True,False,False,False,False,False,False,False,False,False,False,False,False,False,False,False,False,False,False,False,True,14,0,2.0,0,0,False,False,False,1,2,3.7846759259259257,6.895069444444444,1,1,True,True,False,False,0,0,,0.0,0.0,,['heliodinardo' 'alicelikeaudrey' 'radiokisskiss' 'radiozetaof'],['1587576' '2452651' '1356315383' '4865573210'],[],[],[],,no
17990036564343480,Oggi una sopresina al prima festival🩷 #sanremo2024,2024-02-09 12:16:30,2024,2,True,afternoon,12,6,12,0.3333333333333333,Culture,CAROUSEL,False,False,False,False,False,False,False,False,False,False,False,False,False,False,False,False,False,False,False,False,False,50,0,7.0,0,0,False,False,False,1,2,1.0301967592592594,7.925266203703703,1,2,False,False,False,False,0,1,,1.0,0.0,,[],[],[],[],[],,no
18225194011301621,Sanremino final dump. See u in 2025💐,2024-02-11 15:08:42,2024,2,True,afternoon,15,4,15,0.2105263157894736,Private Life,CAROUSEL,True,False,False,False,True,True,False,False,False,False,False,False,False,False,True,False,False,False,False,False,True,36,0,3.5,0,0,False,False,False,1,3,2.1195833333333334,10.044849537037036,1,1,False,False,True,False,0,1,,0.0,0.0,,['alicelikeaudrey' 'dargendamico' 'roccotnl' 'lollobarollo1'],['2452651' '48049642' '186430920' '434157595'],[],[],[],,no
18046933291610578,"Vlogghino giorno di prove + pranzo con @toogoodtogo.it , ovviamente nel video volevo dire gettata fra i lupi, non leoni, ma me ne sono accorta troppo tardi, scusa Balto. #febbraioimpattovero #adv",2024-02-15 11:27:24,2024,2,False,morning,11,21,195,0.0972222222222222,Travel,VIDEO_REELS,False,False,False,False,False,False,False,False,False,False,False,False,False,False,False,False,True,True,False,False,False,195,0,10.0,0,0,False,False,False,0,3,3.8463194444444446,13.89116898148148,1,0,False,False,False,False,0,1,88.56600189208984,2.0,1.0,original_sounds,[],[],[],[],[],,no
18013775818991543,Io che festeggio con Bauwie dopo aver scoperto che ho ben 30 punti sulla patente perchè in 16 anni di guida non ne ho mai perso manco uno. FLEX,2024-02-16 13:00:27,2024,2,True,afternoon,13,7,33,0.175,Private Life,CAROUSEL,False,False,False,False,False,False,False,False,False,False,False,False,False,False,False,False,False,False,False,False,False,143,0,14.5,0,0,False,False,False,0,2,1.0646180555555556,1.0646180555555556,2,2,False,False,False,False,0,1,,0.0,0.0,,[],[],[],[],[],,no
17859655608074296,Ecco a voi i miei due nuovi lip balm DAILY: vi ho fatto una presentazione ufficiale per addetti ai lavori*  Da oggi in preorder sul sito di @we.makeup ❤️  *lavori= limonare,2024-02-19 12:05:32,2024,2,False,afternoon,12,25,233,0.0968992248062015,Beauty & Fashion,VIDEO_REELS,False,False,False,False,False,False,False,False,False,False,False,False,False,False,False,False,True,True,False,False,False,171,0,15.5,0,0,True,False,False,1,2,2.9618634259259258,4.026481481481482,2,0,True,False,False,False,1,1,87.96600341796875,0.0,1.0,original_sounds,['we.makeup'],['2271246143'],[],[],[],,no
18022418572993666,Tu che amico sei? Vogliamo nomi e cognomi.,2024-02-20 13:05:47,2024,2,False,afternoon,13,29,368,0.0730478589420654,Relatable Comedy,VIDEO_REELS,False,False,False,False,False,False,False,False,False,False,False,False,False,False,False,False,False,False,False,False,False,42,0,4.0,0,1,False,False,False,0,3,1.0418402777777778,1.0418402777777778,3,1,False,False,False,False,0,1,85.56600189208984,0.0,0.0,original_sounds,[],[],[],[],[],,no
18020983541044970,Ci siamo! Sono ufficialmente usciti i miei nuovi lip balm DAILY che come vi racconto nelle storie saranno una limited ediscio(n)! Spero vi piacciano❤️ tuttte le info sul sito di @we.makeup,2024-02-26 12:02:28,2024,2,False,afternoon,12,4,11,0.2666666666666666,Beauty & Fashion,VIDEO_REELS,False,False,False,False,False,False,False,False,False,False,False,False,False,False,False,False,True,True,False,False,False,187,0,8.25,2,0,True,False,False,1,2,5.956030092592592,6.997870370370371,3,1,False,False,False,False,0,0,14.812000274658203,0.0,1.0,licensed_music,[],[],[],[],[],,no
17992577621548839,"Today is the day: inizia il tour, ci vediamo stasera, data zero ❤️",2024-02-29 10:43:03,2024,2,False,morning,10,24,72,0.25,Theatre,CAROUSEL,False,False,False,False,False,False,False,False,False,False,False,False,False,False,False,False,False,False,False,False,False,65,0,12.0,0,0,True,False,False,1,1,2.944849537037037,2.944849537037037,4,0,False,False,False,False,0,1,,0.0,0.0,,[],[],[],[],[],,no
17855639409116654,"Le prime tre date sono andate: grazie per il calore e le risate che ci siamo fatti a Monza, Assisi (w voi sapete cosa) e Perugia (lo dice il corriere dell’Umbria).  Prontissima per la prossima data: Bologna ci sei?!? ✈️",2024-03-04 11:28:09,2024,3,False,morning,11,8,92,0.08,Theatre,CAROUSEL,False,False,False,False,False,False,False,False,False,False,False,False,False,False,False,False,False,False,False,False,False,218,0,19.5,1,2,False,False,False,1,2,4.031319444444445,6.976168981481481,3,1,True,False,False,False,1,0,,0.0,0.0,,['vivoconcerti' 'showreel_factory' 'wordsforyou_pr'],['212137953' '2288459744' '9257259570'],[],[],[],,no
18217258885274992,Con questo RARISSIMO esemplare di foto con Alice vi do il buongiorno e cerco tutte le vostre good vibes per lo spettacolo di stasera e domani a Bologna! Mercoledi ci vediamo a Firenze! 🫶🏻🤞🏼,2024-03-11 09:32:03,2024,3,False,morning,9,15,62,0.1948051948051948,Theatre,IMAGE,True,False,False,False,False,False,False,False,False,False,False,False,False,False,False,False,False,False,False,False,False,187,0,16.5,2,0,True,False,False,2,1,6.919375,13.89554398148148,3,2,False,False,False,False,0,1,,0.0,0.0,,['alicelikeaudrey'],['2452651'],[],[],[],,no
18257381008173749,"Mille persone che non dimenticherò mai: la serata ieri a Bologna è stata, per me, una gioia immensa. Grazie per essere stati il pubblico piú bello, caloroso e simpatico del mondo tutto. Stasera si replica, altre mille persone con cui ridere, cantare e..no spoiler. Bologna 2 non sarai da meno, ne sono certa! ❤️ ps per chi c’era ieri: Silvia torna anche stasera!",2024-03-12 10:28:57,2024,3,False,morning,10,6,43,0.1224489795918367,Travel,IMAGE,False,False,False,False,False,False,False,False,False,False,False,False,False,False,False,False,False,False,False,False,False,361,0,10.5,2,0,True,False,False,1,1,1.0395138888888888,14.93505787037037,3,1,True,False,False,False,0,1,,0.0,0.0,,['vivoconcerti' 'showreel_factory'],['212137953' '2288459744'],[],[],[],Teatro Celebrazioni,real
18000989810254313,Un week end di sosta e poi si parte a tutto foco lunedi: Roma ci sei? Sei carica? Io a pallettoni. #ilsaggiodifineanno   Ph. @martinasalanitri_,2024-03-15 11:06:27,2024,3,True,morning,11,21,43,0.328125,Travel,IMAGE,False,False,False,False,False,False,False,False,False,False,False,False,False,False,False,False,True,False,False,False,False,143,0,4.8,0,2,False,False,False,0,2,3.0260416666666665,17.961099537037036,3,2,True,True,False,False,0,0,,1.0,1.0,,['vivoconcerti' 'showreel_factory' 'wordsforyou_pr' 'martinasalanitri_'],['212137953' '2288459744' '9257259570' '47865741873'],[],[],[],,no
17919440573792915,"Arrivata a roma, re-incontrato dopo tanto tempo besty che è passato a trovarmi alle prove per calmare l’ansia, è andata cosí:",2024-03-18 12:17:12,2024,3,False,afternoon,12,12,15,0.4444444444444444,Travel,VIDEO_REELS,False,True,False,False,False,False,False,True,False,False,False,False,False,False,False,False,False,False,False,False,False,125,0,22.0,0,0,False,False,False,0,2,3.0491319444444445,21.010231481481483,2,3,False,False,True,False,0,1,58.70299911499024,0.0,0.0,original_sounds,['guglielmoscilla' 'le_endrigoband'],['10279523' '3125432465'],[],[],[],Teatro Sala Umberto,real
18024396833007960,Roma dump. Trieste sei pronta?? #ilsaggiodifineanno,2024-03-20 15:02:35,2024,3,False,afternoon,15,0,16,0.0,Travel,CAROUSEL,False,False,False,False,False,False,False,False,False,False,False,False,False,False,False,False,False,False,False,False,False,51,0,2.0,0,2,False,False,False,0,2,2.114849537037037,23.12508101851852,1,3,False,False,False,False,0,0,,1.0,0.0,,[],[],[],[],[],,no
18053174998521783,Questa settimana Il mio saggio di fine anno è su @grazia_it: sono immensamente felice e grata.   Questa bellissima foto invece è merito di @francescoormando con lo styling di @paoladec ❤️,2024-03-21 13:52:52,2024,3,False,afternoon,13,20,20,0.5,Theatre,CAROUSEL,False,False,False,False,False,False,False,False,False,False,False,False,False,False,False,False,True,False,False,False,False,186,0,14.5,0,0,True,False,False,1,3,0.9515856481481482,24.076666666666668,1,3,True,True,False,False,0,1,,0.0,3.0,,"['grazia_it' 'paoladec' 'francescoormando' 'showreel_factory'
 'wordsforyou_pr']",['5766745' '284918461' '1709827540' '2288459744' '9257259570'],[],[],[],,no
17891571830932099,"Questo è il trucco che faccio per andare in scena ogni sera: entro in camerino, chiudo la porta, metto la musica, nell’aria essenza di menta e per 30 minuti cerco di rilassare il corpo e concentrare al meglio la mente.  Non so se sta funzionando, ma è un momento a cui mi sto affezionando molto. Padova ci vediamo stasera! ❤️",2024-03-23 10:11:47,2024,3,True,morning,10,31,108,0.2230215827338129,Travel,VIDEO_REELS,False,False,False,False,False,False,False,False,False,False,False,False,False,False,False,False,False,False,False,False,False,324,0,19.666666666666668,1,0,True,False,False,1,3,1.846469907407408,25.923136574074075,1,4,False,False,False,False,0,1,86.88700103759766,0.0,0.0,licensed_music,[],[],[],[],[],,no
18180398062294546,"Che suono fanno 2500 persone che ridono insieme?  Uno che non dimenticherò MAI più.  Grazie infinite Padova, ti amo tutta.",2024-03-24 10:26:22,2024,3,True,morning,10,14,62,0.1842105263157894,Travel,CAROUSEL,False,False,False,False,False,False,False,True,False,False,False,False,False,False,False,False,False,False,False,False,False,122,0,6.666666666666667,0,1,False,False,False,0,4,1.0101273148148149,26.933263888888888,1,5,True,False,True,False,0,0,,0.0,0.0,,['vivoconcerti' 'showreel_factory' 'le_endrigoband' 'wordsforyou_pr'],['212137953' '2288459744' '3125432465' '9257259570'],[],[],[],,no
17902692092958932,"Mentre mi dirigo in Puglia guardo i nostri sorrisoni e sono felice. Grazie per tutto l’affetto che mi state regalando in questo tour, davvero. Bari ci vediamo stasera al Teatro Team! ❤️",2024-03-28 10:17:24,2024,3,False,morning,10,8,35,0.1860465116279069,Theatre,CAROUSEL,False,False,False,False,False,False,False,False,False,False,False,False,False,False,False,False,False,False,False,False,False,184,0,10.333333333333334,1,0,True,False,False,1,3,3.993773148148148,30.92703703703704,0,4,True,False,False,False,0,1,,0.0,0.0,,['vivoconcerti' 'showreel_factory' 'wordsforyou_pr'],['212137953' '2288459744' '9257259570'],[],[],[],,no
17965829369711281,"Questo week end mi sono riposata, ho dormito, mangiato e dipinto. Ora sono pronta a ripartire con le ultime sette date❤️ Trento ci vediamo stasera!",2024-04-02 09:55:37,2024,4,False,morning,9,18,146,0.1097560975609756,Food,VIDEO_REELS,False,False,False,False,False,False,False,False,False,False,False,False,False,False,False,False,False,False,False,False,False,146,0,12.5,1,0,True,False,False,1,1,4.984872685185185,35.91190972222222,0,0,False,False,False,False,0,1,82.84700012207031,0.0,0.0,licensed_music,[],[],[],[],[],,no
18259609102214306,"Foto ricordo di Mantova, Torino e Bari con sopresa che mi sono ritrovata anche io zommandone una.   Ieri sera data 16.  Oggi pausa, domani Fermo e poi si torna a casa per le ultime tre date di chiusura a Milano.  Grazie a tutte e tutti voi che siete riusciti a venire, che mi avete dedicato del tempo, speso dei soldi, regalato un abbraccio. Continua a essere un viaggio incredibile.",2024-04-05 09:05:32,2024,4,True,morning,9,10,44,0.1851851851851851,Travel,CAROUSEL,False,False,False,True,False,False,False,True,False,False,False,False,False,False,False,False,False,False,False,False,False,383,0,13.8,0,0,False,False,False,0,1,2.965219907407408,38.87712962962963,0,6,True,False,True,False,1,0,,0.0,0.0,,"['claudiodibiagio' 'vivoconcerti' 'showreel_factory' 'le_endrigoband'
 'wordsforyou_pr']",['5160149' '212137953' '2288459744' '3125432465' '9257259570'],[],[],[],,no
18027361465994409,"Tante domande, nessuna risposta.",2024-04-08 10:25:54,2024,4,False,morning,10,60,613,0.0891530460624071,Private Life,VIDEO_REELS,False,True,False,False,False,False,False,False,False,False,False,False,False,False,False,False,False,False,False,False,False,32,0,4.0,0,0,False,False,False,0,2,3.055810185185185,41.932939814814816,0,0,False,False,False,False,0,1,85.66600036621094,0.0,0.0,licensed_music,['guglielmoscilla'],['10279523'],['guglielmoscilla'],['10279523'],[],,no
18040817932746756,"Siamo arrivati alla fine.  Stasera ventesima e ultima data de Il saggio di fine anno, una delle esperienze piú belle e incredibili della mia vita.  Se lo è stata è grazie a voi e alle persone meravigliose che hanno lavorato con me a questo spettacolo.  Vi lascio alcune riprese ricordo che abbiamo filmato al Geox di Padova, stasera invece ci vediamo, per l’ultima volta, al Teatro Nazionale. Non vedo l’ora, spacchiamo tutto. ❤️",2024-04-10 10:04:11,2024,4,False,morning,10,26,56,0.3170731707317073,Theatre,VIDEO_REELS,False,True,False,False,False,False,False,True,False,False,False,False,False,False,False,False,False,False,False,False,False,428,0,14.4,0,0,True,False,False,1,2,1.9849189814814807,43.91785879629629,0,2,True,True,True,False,1,1,81.33300018310547,0.0,0.0,original_sounds,"['guglielmoscilla' 'vivoconcerti' 'simounpoulain' 'nickontravel'
 'gianlucacornacchia_' 'showreel_factory' 'le_endrigoband'
 'wordsforyou_pr']","['10279523' '212137953' '364268131' '438746584' '2231704885' '2288459744'
 '3125432465' '9257259570']",[],[],[],,no
18027244429847837,"Ieri ultima data de Il saggio di fine anno: Milano si è divertita tanto come potete vedere dalla foto scattata insieme.   Finisce un’esperienza che mi porteró nel cuore come forse la più bella di sempre e se è stata possibile è grazie a tantissime persone, che vi presenteró nei prossimi post, ma soprattutto grazie a voi. Non dimenticheró MAI le risate, gli sguardi e i sorrisi che abbiamo condiviso in queste 20 incredibili date.  GRAZIE DI CUORE AMICI, a presto.",2024-04-11 11:18:05,2024,4,False,morning,11,13,43,0.2321428571428571,Theatre,CAROUSEL,False,False,False,False,False,False,False,True,False,False,False,False,False,False,False,False,False,False,False,False,False,465,0,20.0,0,0,False,False,False,0,3,1.0513194444444445,44.96917824074074,0,3,True,False,True,False,1,1,,0.0,0.0,,['vivoconcerti' 'showreel_factory' 'le_endrigoband' 'wordsforyou_pr'],['212137953' '2288459744' '3125432465' '9257259570'],[],[],[],,no
18029094727953444,"Lasciatemi ringraziare, con questo post, quella che è stata la mia famiglia nell’ultimo mese e mezzo.  @helio83 ormai da 10 anni il mio porto sicuro, che in quest’avventura ha deciso di curare l’intera regia dello spettacolo. @beegatti che è stata l’executive producer, ma questa etichetta non rende giustizia a quello che DAVVERO ha fatto, perchè senza di lei difficilmente sarei arrivata alla fine. Questo spettacolo,poi, l’ho scritto con due persone che porterò sempre nel cuore, @volevosolocondurretrl e @christiantheseeker98: vi voglio molto bene raga, davvero.  Che dire poi della band di primissimo livello che ha condiviso con me il palco per tutto il tour: @le_endrigoband nelle persone di @gabriele.tura, @vittoriomassa , @ludoganda e @matteo.tura_endrigo: la vostra presenza ha reso questo viaggio unico e l’immagine di matteo in una precisa data che voi sapete, non lascerà MAI il mio cuore.  La squadra di @vivoconcerti tutta: @gio.nesci , @jackmoai , mi mancherà sentirvi dire “prevediamo 9:05 se tu hai finito il burraco, se no 9:10, @cristiano_sanzeri, @giul_ci , @valentina_tommasino: mi avete fatto sentire parte di una grande famiglia dal giorno1, @danieelevalentini e @indalighting per me voi eravate il punto fisso da guardare, finchè c’eravate voi in fondo a quel teatro, tutto era ok.  @_arooster perchè senza il server saremmo stati tutti fottuti, @branca.gram aka brachito beibe, anche detto Sergio, il perno dello show. @lucapaioni @filipporacioppi e @davide.curtarelli per la vostra professionalità ma soprattutto per lo scherzone dello scatolone finale, @sabinaganora, la mia dolcissima tour manager, perchè sei un angelo caduto dal cielo e quello spray alla menta mi ricorderà per sempre di te.  Tutto il reparto ballo: @giorgio_camandona che ha curato la coreografia e i ballerini che sono riusciti ricreare LA STRUTTURA che mancava: @gianlucacornacchia_ @simounpoulain @nicolo_bulgarelli e @g_pera_ , grazie a voi il mondo della danza sa.  Il mio meraviglioso ufficio stampa @wordsforyou_pr e tutta @showreel_factory.  Senza di voi nulla di tutto ciò sarebbe stato possibile.  Nel video: io che penso di fregarli facendogli uno scherzo, loro che invece lo fanno a me.",2024-04-12 11:41:06,2024,4,True,morning,11,9,30,0.2307692307692307,Theatre,CAROUSEL,False,False,False,False,False,False,False,False,False,False,False,False,False,False,False,False,True,False,False,False,False,2198,0,19.647058823529413,0,0,False,False,False,0,3,1.0159837962962963,45.98516203703704,0,4,True,True,True,False,1,1,,0.0,30.0,,"['heliodinardo' 'vittoriomassa' 'beegatti' 'christiantheseeker98'
 'ludoganda' 'sabinaganora' 'cristiano_sanzeri' 'valentina_tommasino'
 'danieelevalentini' 'simounpoulain' '_arooster' 'lucapaioni'
 'paologioia_' 'giul_ci' 'indalighting' 'gio.nesci' 'gianlucacornacchia_'
 'matteo.tura_endrigo' 'gabriele.tura' 'branca.gram']","['1587576' '38574662' '49772888' '194358634' '214300640' '258391258'
 '288447786' '301640321' '329596670' '364268131' '619583847' '915205776'
 '1057650865' '1298720814' '1744988896' '2022906293' '2231704885'
 '3135689927' '10169192698' '49302926091']",[],[],[],,no
17978369861672261,"E con questo video chiudiamo la serie “ricordi del tour”.  Come vi ho raccontato nelle storie lo spettacolo era molto lungo e senza intervallo, quindi abbiamo pensato di spezzare il tutto con questo momento gag che ci ha resi complici e uniti nel raccontare un’ evoluzione della musica italiana mai avvenuta. Grazie per aver giocato con me in queste venti date, speriamo di farlo ancora, presto, insieme.  Vi voglio bene, Carla.",2024-04-17 10:23:20,2024,4,False,morning,10,75,1084,0.0647109577221742,Theatre,VIDEO_REELS,False,False,False,False,False,False,False,False,False,False,False,False,False,False,False,False,False,False,False,False,False,428,0,17.75,0,0,False,False,False,0,2,4.945995370370371,50.931157407407404,0,5,False,False,False,False,0,1,501.1780090332031,0.0,0.0,original_sounds,[],[],[],[],[],,no
18131717704327089,Sono una larper semplice: acquisto parrucche che non so nè quando nè se useró.,2024-04-22 11:32:07,2024,4,False,morning,11,30,347,0.0795755968169761,Relatable Comedy,CAROUSEL,False,False,False,False,False,False,False,False,False,False,False,False,False,False,False,False,False,False,False,False,False,78,0,14.0,0,0,False,False,False,0,1,5.047766203703704,55.97892361111112,0,0,False,False,False,False,0,1,,0.0,0.0,,[],[],[],[],[],,no
18046995865656096,Il mondo della danza ringrazia ma preferisce non sapere.,2024-04-24 10:39:16,2024,4,False,morning,10,43,499,0.0793357933579335,Relatable Comedy,VIDEO_REELS,False,True,False,False,False,False,False,False,False,False,False,False,False,False,False,False,False,False,False,False,False,56,0,9.0,0,0,False,False,False,0,1,1.963298611111111,57.94222222222222,0,1,False,False,False,False,0,1,19.933000564575195,0.0,0.0,licensed_music,['guglielmoscilla'],['10279523'],['guglielmoscilla'],['10279523'],[],,no
18058046635517563,Il multiverso è un concetto di cui sappiamo spaventosamente poco.,2024-04-26 12:51:14,2024,4,True,afternoon,12,30,171,0.1492537313432835,Relatable Comedy,VIDEO_REELS,False,False,False,False,False,False,False,False,False,False,False,False,False,False,False,False,False,False,False,False,False,65,0,10.0,0,0,False,False,False,0,2,2.0916435185185187,60.03386574074074,0,2,False,False,False,False,0,1,179.9530029296875,0.0,0.0,original_sounds,[],[],[],[],[],,no
17966395973721100,"Sono tornata ieri sera da un Larp (gioco di ruolo dal vivo) e visto che ho ricevuto molte domande in merito, ho cercato di rispondere alle vostre curiositá nelle storie.   Vi lascio con una foto ricordo di un vecchio larp in cui io e Claudio abbiamo forse dormito 4 ore totali in 3 giorni di avventura.",2024-04-30 16:36:52,2024,4,False,afternoon,16,3,14,0.1764705882352941,Games,CAROUSEL,False,False,False,True,False,False,False,False,False,False,False,False,False,False,False,False,False,False,False,False,False,302,0,28.0,0,0,False,False,False,0,2,4.156689814814815,64.19055555555556,0,0,False,False,False,False,0,1,,0.0,0.0,,['claudiodibiagio' '_eryados_'],['5160149' '8298858790'],[],[],[],,no
18004867967275654,Raga ho dovuto richiamare ma basta col meme del colonnello “non puó piovere per sempre” se no non ne usciamo più pls,2024-05-03 10:49:31,2024,5,True,morning,10,40,174,0.1869158878504672,Relatable Comedy,VIDEO_REELS,False,False,False,False,False,False,False,False,False,False,False,False,False,False,False,False,False,False,False,False,False,116,0,22.0,0,0,False,False,False,0,2,2.7587847222222224,66.94934027777778,0,3,False,False,False,False,0,1,80.26899719238281,0.0,0.0,original_sounds,[],[],[],[],[],,no
18034908379760443,"Lame rosse, 46 di piede e porcolotti che a differenza di quello che suggerirebbe l’istinto si mangiano, non si tirano.",2024-05-05 11:38:49,2024,5,True,morning,11,4,28,0.125,Food,CAROUSEL,False,False,True,False,False,False,False,False,False,False,False,False,False,False,False,False,False,False,False,False,False,118,0,20.0,0,0,False,False,False,0,2,2.034236111111111,68.98357638888889,0,0,False,False,False,False,0,1,,0.0,0.0,,['aimoneromizi'],['5786712837'],[],[],[],,no
18044090386740277,Come disascalia volevo farvi un indovinello ma vi giuro tutti quelli che conosco fanno schifo. Mi scrivete degli indovinelli belli che posso rigiocarmi quando alle cene finisco gli argomenti? Grazie.   Spero che questa bellissima foto di @francescoormando possa stuzzicare l’algoritmo permettendoci di assemblare una nuova settimana enigmistica.,2024-05-08 11:05:28,2024,5,False,morning,11,32,127,0.2012578616352201,Community,CAROUSEL,False,False,False,False,False,False,False,False,False,False,False,False,False,False,False,False,True,False,False,False,False,345,0,11.75,0,1,False,False,False,0,2,2.976840277777778,71.96041666666666,0,0,False,True,False,False,1,1,,0.0,1.0,,['francescoormando'],['1709827540'],[],[],[],,no
17919962552812512,Semplicemente flexando il castello dove hanno girato Ladyhawke,2024-05-12 10:53:54,2024,5,True,morning,10,7,20,0.2592592592592592,Private Life,CAROUSEL,False,False,False,False,False,False,False,False,False,False,False,False,False,False,False,False,False,False,False,False,False,62,0,8.0,0,0,False,False,False,0,2,3.9919675925925926,75.95238425925926,0,0,False,False,False,False,0,0,,0.0,0.0,,[],[],[],[],[],CASTELLO di SONCINO (Rocca Sforzesca),real
17975052512573383,"Forse che si, forse che no",2024-05-14 11:56:33,2024,5,False,morning,11,10,12,0.4545454545454545,Private Life,CAROUSEL,False,False,False,False,False,False,False,False,False,False,False,False,False,False,False,False,False,False,False,False,False,26,0,6.0,0,0,False,False,False,0,2,2.0435069444444443,77.9958912037037,0,1,False,False,False,False,0,0,,0.0,0.0,,[],[],[],[],[],,no
17881762311060699,Io dico che i tempi sono maturi: andiamoci a ripigliare tutti i sussidiari del mondo.,2024-05-16 10:49:08,2024,5,False,morning,10,55,330,0.1428571428571428,Relatable Comedy,VIDEO_REELS,False,False,False,False,False,False,False,False,False,False,False,False,False,False,False,False,False,False,False,False,False,85,0,15.0,0,0,False,False,False,0,2,1.9531828703703704,79.94907407407408,0,4,False,False,False,False,0,1,57.233001708984375,0.0,0.0,original_sounds,[],[],[],[],[],,no
18034826689994075,"Io mi chiamo camilla boniardi, sono fan di indagini da tanti anni e lasciatemi flexare questo momento. Grazie @stenaz per l’invito, è stato molto bello.",2024-05-19 09:04:16,2024,5,True,morning,9,6,14,0.3,Private Life,CAROUSEL,False,False,False,False,False,False,False,False,False,False,False,False,False,False,False,False,True,False,False,False,False,152,0,12.5,0,0,False,False,False,0,3,2.927175925925926,82.87625,0,2,False,False,False,False,0,0,,0.0,1.0,,[],[],[],[],[],Teatro Colosseo,real
18042585079675783,La pasticceria è qualcosa di cui sappiamo ancora spaventosamente poco. @Magnum #TrueToPleasure #LoSteccodOro #ad,2024-05-19 13:51:38,2024,5,True,afternoon,13,25,34,0.423728813559322,Food,VIDEO_REELS,False,True,False,False,False,False,False,False,False,False,False,False,False,False,False,False,True,True,False,False,False,112,0,7.0,0,0,False,False,False,0,3,0.1995601851851851,83.07581018518519,0,1,False,False,False,False,0,1,89.58100128173828,3.0,1.0,original_sounds,['guglielmoscilla'],['10279523'],['guglielmoscilla'],['10279523'],[],,no
18021013130332973,"Tokyo non ho parole per dire quanto sei bella che poi è esattamente come lo direi qui, solo con i gesti, perchè l’inglese è un apostrofo rosa fra le parole mica tanto",2024-05-22 11:21:36,2024,5,False,morning,11,10,40,0.2,Private Life,CAROUSEL,False,False,False,False,False,False,False,False,False,False,False,False,False,False,False,False,False,False,False,False,False,166,0,32.0,0,0,False,False,False,0,3,2.8958101851851854,2.8958101851851854,1,3,False,False,False,False,0,1,,0.0,0.0,,[],[],[],[],[],"Tokyo, Japan",real
17934687725756105,Akasaka non è avadakedavra in Giapponese ma la stazione metro a tema Harry Potter qui a Tokyo.   #harrypotter #akasaka,2024-05-23 08:39:51,2024,5,False,morning,8,11,34,0.2444444444444444,Culture,VIDEO_REELS,False,False,False,False,False,False,False,False,False,False,False,False,False,False,False,False,False,False,False,False,False,118,0,9.5,0,0,False,False,False,0,4,0.8876736111111111,3.783483796296296,1,0,False,False,False,False,0,1,43.56600189208984,2.0,0.0,original_sounds,[],[],[],[],[],"Akasaka, Tokyo",real
18012009854170502,"Tokyo giorno 4.  Km percorsi: circonferenza della terra x3, ho mangiato il ramen più buono della mia vita, ho comprato dei cioccolatini al supermercato che ho scoperto solo dopo fossero un medicinale contro l’ansia, ho provato i soba cold (meh), ordinato natto al ristorante ma era finito, ho comprato una bevanda scoprendo solo dopo fosse gelatina, ho visto il gatto 3d, sono entrata in un posto in cui per chiedere dove fosse il bagno avrei dovuto usare un linguaggio in codice che era MEOW MEOW, ho trattenuto la pipì. Chissà cosa ci attende nei prossimi giorni.",2024-05-24 08:47:25,2024,5,True,morning,8,5,17,0.2272727272727272,Food,CAROUSEL,False,False,False,False,False,False,False,False,False,False,False,False,False,False,False,False,False,False,False,False,False,565,0,32.0,0,0,False,False,False,0,4,1.0052546296296296,4.788738425925926,1,2,False,False,False,False,0,1,,0.0,0.0,,[],[],[],[],[],"Tokyo, Japan",real
18291015748167228,"Del Giappone mi piace tantissimo: - le tavolette del 🚽riscaldate - che gli scontrini dei negozi cadano direttamente nei cestini e nessuno li prende e butta per terra - la suica per pagare i mezzi  - le file ordinate in metropolitana - che negli hotel ti danno sempre il pigiama - l’itineriario che ci ha flexato @sivola.it  - incredibilmente? L’avocado.  Di questa foto, invece, non mi piace: - l’🍏watch, utile quanto osceno.  Lo amo ma oggettivamente è proprio esteticamente orrendo.  #supplied",2024-05-26 08:04:31,2024,5,True,morning,8,5,19,0.2083333333333333,Travel,CAROUSEL,False,False,False,False,False,False,False,False,False,False,False,False,False,False,False,False,True,False,True,False,False,495,0,12.5,0,1,False,False,False,2,5,1.970208333333333,6.758946759259259,1,0,True,False,False,False,0,1,,1.0,1.0,,['sivola.it'],['11290477083'],[],[],[],Arashiyama Bamboo Forest,real
18050971090712774,"Quando ci siamo svegliati alle 5 carichi per il Fushimi inari e fuori ha attaccato a diluviare avevamo due opzioni: rinunciare o salire quelle scale come dei veri tori. Ed eccoci qua, 2024 odissea nel Giappone: è stato molto bello e forse anche più immersivo.",2024-05-27 10:04:20,2024,5,False,morning,10,8,20,0.2857142857142857,Relatable Comedy,CAROUSEL,False,False,False,False,False,False,False,False,False,False,False,False,False,False,False,False,False,False,False,False,False,259,0,22.5,0,0,False,False,False,0,4,1.0832060185185186,7.842152777777778,1,1,False,False,False,False,0,1,,0.0,0.0,,[],[],[],[],[],Fushimi Inari-taisha,real
17906154335972626,Postcard from Nara e Osaka. Che bello questo viaggio! 🫰🏻,2024-05-30 08:09:12,2024,5,False,morning,8,3,20,0.1304347826086956,Travel,CAROUSEL,False,False,False,False,False,False,False,False,False,False,False,False,False,False,False,False,False,False,False,False,False,55,0,4.5,1,0,False,False,False,1,4,2.920046296296296,10.762199074074074,1,1,False,False,False,False,0,0,,0.0,0.0,,[],[],[],[],[],,no
18309283651194945,"Bye bye Japan, è stato incredibile e i pigiami che ho trovato negli alberghi sono stati dieci volte meglio dei vestiti che avevo in valigia. Period",2024-06-01 11:10:17,2024,6,True,morning,11,20,39,0.3389830508474576,Beauty & Fashion,CAROUSEL,False,False,False,False,False,False,False,False,False,False,False,False,False,False,False,False,False,False,False,False,False,147,0,13.0,0,0,False,False,False,0,3,2.125752314814815,12.887951388888888,1,0,False,False,False,False,0,1,,0.0,0.0,,[],[],[],[],[],,no
18186702421294157,Ramen appreciation post. Guess my fav,2024-06-02 15:11:18,2024,6,True,afternoon,15,11,58,0.1594202898550724,Community,CAROUSEL,False,False,False,False,False,False,False,False,False,False,False,False,False,False,False,False,False,False,False,False,False,37,0,3.0,0,0,False,False,False,0,3,1.167372685185185,14.055324074074074,1,0,False,False,False,False,0,1,,0.0,0.0,,[],[],[],[],[],,no
17962768433767067,"Haul di cose, perlopiú casuali, prese in Giappone.  Se mi cade la faccia me lo merito",2024-06-05 11:18:00,2024,6,False,morning,11,29,129,0.1835443037974683,Relatable Comedy,VIDEO_REELS,False,False,False,False,False,False,False,False,False,False,False,False,False,False,False,False,False,False,False,False,False,85,0,8.0,0,0,False,False,False,0,3,2.837986111111112,16.893310185185186,1,1,False,False,False,False,0,1,425.1329956054688,0.0,0.0,original_sounds,[],[],[],[],[],,no
18023639423230936,Di quando durante il soundcheck del tour siamo stati ammessi al serale.,2024-06-08 10:09:49,2024,6,True,morning,10,18,40,0.3103448275862069,Theatre,VIDEO_REELS,False,True,False,False,False,False,False,False,False,False,False,False,False,False,False,False,False,False,False,False,False,71,0,12.0,0,0,False,False,False,0,3,2.952650462962963,19.845960648148147,1,0,False,False,False,False,0,1,119.36599731445312,0.0,0.0,original_sounds,['guglielmoscilla'],['10279523'],[],[],[],,no
18023896700328307,"Abbiamo aspettato un po’ a dirvelo, ma è arrivato il momento: torniamo a teatro, con un nuovo spettacolo, insieme.  Domani, qui, ore 14:00. Siateci🫰🏻",2024-06-13 11:02:58,2024,6,False,morning,11,69,185,0.2716535433070866,Theatre,VIDEO_REELS,False,True,False,False,False,False,False,False,False,False,False,False,False,False,False,False,False,False,False,False,False,148,0,8.333333333333334,0,0,False,False,False,1,1,5.036909722222222,24.88287037037037,1,1,False,False,False,False,0,0,56.608001708984375,0.0,0.0,original_sounds,['guglielmoscilla'],['10279523'],['guglielmoscilla'],['10279523'],[],,no
18026659304165001,"Con il cuore che scoppia di gioia ecco a voi le date di Avanguardia Pura, il nuovo spettacolo teatrale con cui @guglielmoscilla e io porteremo in giro per l’Italia l’esplorazione meta-concettuale delle dinamiche artistico-performative contemporanee, o forse no? Chissà.  I biglietti di tutte le date qui sopra saranno in vendita (al link che vi daremo) da lunedi alle 14❤️ non vediamo l’ora preparatevi, molte cose vi aspettano a teatro.",2024-06-14 12:01:28,2024,6,True,afternoon,12,56,243,0.1872909698996655,Theatre,IMAGE,False,True,False,False,False,False,False,False,False,False,False,False,False,False,False,False,True,False,False,False,False,436,0,23.666666666666668,0,1,True,False,False,1,2,1.040625,25.92349537037037,1,2,True,False,False,False,1,1,,0.0,1.0,,['vivoconcerti' 'wordsforyou_pr'],['212137953' '9257259570'],[],[],[],,no
18340307761188493,"Ci siamo! Al link che trovate nelle mie storie e in bio sono ufficialmente aperte le vendite biglietti di Avanguardia Pura. Io e Gu siamo carichi a pallettoni, non vediamo l’ora di girare i teatri d’Italia per vedervi tutti e tutte♥️ si torna in toouurrrr",2024-06-17 11:59:13,2024,6,False,morning,11,27,120,0.1836734693877551,Theatre,CAROUSEL,False,True,False,False,False,False,False,False,False,False,False,False,False,False,False,False,False,False,False,False,False,254,0,15.0,1,0,True,False,False,1,2,2.9984375,28.92193287037037,1,3,True,False,False,False,0,0,,0.0,0.0,,['guglielmoscilla' 'vivoconcerti' 'wordsforyou_pr'],['10279523' '212137953' '9257259570'],[],[],[],,no
18061324942602915,"Felt cute, might -pentirmi e accorgermi che una cosa che fino al minuto prima mi sembrava incredibile ora mi fa schifo e cadere in quel loop infinito di frustrazione che è la mia vita dove passo dall’amore, alla noia, all’odio nel giro di dieci minuti, necessitando dunque di continui stimoli emotivi con cui trocare il mio corpo ormai stanco- later",2024-06-18 11:16:32,2024,6,False,morning,11,16,26,0.3809523809523809,Private Life,IMAGE,False,False,False,False,False,False,False,False,False,False,False,False,False,False,False,False,False,False,False,False,False,349,0,60.0,0,0,False,False,False,0,3,0.9703587962962964,29.892291666666665,1,0,False,False,False,False,0,1,,0.0,0.0,,[],[],[],[],[],,no
18043844641721442,"È il mio compleanno: queste sono le personalità che festeggiano oggi, domani ci sarà il prossimo gruppo.",2024-06-21 11:00:55,2024,6,True,morning,11,112,377,0.2290388548057259,Private Life,CAROUSEL,False,False,False,False,False,False,False,False,False,False,False,False,False,False,False,False,False,False,False,False,False,104,0,17.0,0,0,False,False,False,0,3,2.9891550925925925,32.88144675925926,0,1,False,False,False,False,0,0,,0.0,0.0,,[],[],[],[],[],,no
18014483465522247,Black and white through years.,2024-06-25 11:51:27,2024,6,False,morning,11,6,15,0.2857142857142857,Private Life,CAROUSEL,False,False,False,False,False,False,False,False,False,False,False,False,False,False,False,False,False,False,False,False,False,30,0,5.0,0,0,False,False,False,0,1,4.0350925925925925,36.91653935185185,0,2,False,True,False,True,0,0,,0.0,0.0,,['marconofri' 'alessioalbi' 'martinamariottiph'],['1380180' '10718977' '23910055'],[],[],[],,no
17864733267154955,Mi sembra che dopo questa analisi professionale delle acque profumate di benessere di @rogergallet in profumologia applicata 3 avrei meritato 30 o sbaglio? Non so perchè non me lo hanno dato!  #rogergallet #happinessfactory #adv,2024-06-26 11:56:51,2024,6,False,morning,11,14,85,0.1414141414141414,Beauty & Fashion,VIDEO_REELS,False,False,False,False,False,False,False,False,False,False,False,False,False,False,False,False,True,True,False,False,False,228,0,11.333333333333334,1,1,False,False,False,0,2,1.00375,37.92028935185185,0,1,False,False,False,False,0,1,122.3000030517578,3.0,1.0,original_sounds,[],[],[],[],[],,no
17998313972638143,"Tra i i proverbi bulgari che ho trovato, il piú felice recita: Тайните изходи са по-привлекателни от парадните входове. Le uscite segrete sono più attraenti delle entrate spettacolari.",2024-06-28 11:20:50,2024,6,True,morning,11,9,33,0.2142857142857142,Reflections,CAROUSEL,False,False,False,False,False,False,False,False,False,False,False,False,False,False,False,False,False,False,False,False,False,184,0,14.5,0,0,False,False,False,0,2,1.9749884259259256,1.9749884259259256,1,0,False,False,False,False,0,0,,0.0,0.0,,[],[],[],[],[],"Sofia, Bulgaria",real
18032121248296336,"Fun fact: qui in Bulgaria pare che per dire no tu debba alzare e abbassare la testa, mentre per dire si vada scossa da destra a sinistra. Un miracolo, dunque, che io sia ancora viva e a piede libero.",2024-06-29 11:04:30,2024,6,True,morning,11,3,15,0.1666666666666666,Private Life,CAROUSEL,False,False,False,False,False,False,False,False,False,False,False,False,False,False,False,False,False,False,False,False,False,199,0,19.5,0,0,False,False,False,0,3,0.9886574074074074,2.963645833333333,1,3,False,False,False,False,0,1,,0.0,0.0,,[],[],[],[],[],,no
17945273435817645,"Ciao Ciao Bulgaria, a presto!",2024-06-30 11:28:00,2024,6,True,morning,11,4,11,0.2666666666666666,Private Life,CAROUSEL,False,False,False,False,False,False,False,False,False,False,False,False,False,False,False,False,False,False,False,False,False,29,0,5.0,1,0,False,False,False,0,4,1.0163194444444446,3.9799652777777776,1,4,False,False,False,False,0,0,,0.0,0.0,,[],[],[],[],[],,no
18069751171531854,"Si accettano consigli anime qui sotto!  Sono iniziati i saldi di luglio, vi scrivo i prodotti @we.makeup che ho usato nel video: - Mascara Very nero - mia palette occhi la trovate nella sezione dei miei prodotti - matita labbra EVEN nella colorazione Banana bread - lip balm Daily nella colorazione cheesecake  - blush .. lavori in corso",2024-07-01 12:08:15,2024,7,False,afternoon,12,43,189,0.1853448275862069,Beauty & Fashion,VIDEO_REELS,False,False,False,False,False,False,False,False,False,False,False,False,False,False,False,False,True,True,False,False,False,337,0,13.25,1,0,False,False,False,0,5,1.027951388888889,5.007916666666667,1,1,False,False,False,False,1,1,176.76600646972656,0.0,1.0,original_sounds,[],[],[],[],[],,no
18062503168595402,"Se io vi dicessi: la dama del lago non sta nè con gli gnomi nè con i cavalieri, voi capireste a cosa mi sto riferendo?",2024-07-06 15:04:07,2024,7,True,afternoon,15,6,52,0.1034482758620689,Private Life,CAROUSEL,False,False,False,False,False,False,False,False,False,False,False,False,False,False,False,False,False,False,False,False,False,118,0,25.0,0,1,False,False,False,0,2,5.1221296296296295,5.1221296296296295,2,5,False,False,False,False,1,1,,0.0,0.0,,[],[],[],[],[],,no
17873445918111594,"Cosí de botto, senza senso. #harrypotter",2024-07-11 13:15:33,2024,7,False,afternoon,13,38,179,0.1751152073732718,Relatable Comedy,VIDEO_REELS,False,False,False,False,False,False,False,False,False,False,False,False,False,False,False,False,False,False,False,False,False,40,0,3.0,0,0,False,False,False,0,1,4.924606481481481,10.04673611111111,2,0,False,False,False,False,0,1,24.232999801635746,1.0,0.0,original_sounds,[],[],[],[],[],,no
18035140184075315,Who’s that girl? Lalallalallala etc,2024-07-16 10:09:13,2024,7,False,morning,10,46,144,0.2421052631578947,Private Life,CAROUSEL,False,False,False,False,False,False,False,False,False,False,False,False,False,False,False,False,False,False,False,False,False,35,0,2.5,0,1,False,False,False,0,1,4.870601851851852,14.917337962962964,2,6,False,False,False,False,0,1,,0.0,0.0,,[],[],[],[],[],,no
18031992457907457,Domani parto e questi sono i libri che vorrei leggere quest’estate. Voi? Cosa avete sul comodino?,2024-07-19 11:52:29,2024,7,True,morning,11,21,126,0.1428571428571428,Culture,IMAGE,False,False,False,False,False,False,False,False,False,False,False,False,False,False,False,False,False,False,False,False,False,97,0,5.333333333333333,0,2,False,False,False,0,1,3.071712962962963,17.989050925925927,2,0,False,False,False,False,1,0,,0.0,0.0,,[],[],[],[],[],,no
18051542239751677,Ecco a voi il sequel di perfetti sconosciuti.  #favourite #friendship,2024-07-22 10:55:42,2024,7,False,morning,10,34,75,0.3119266055045872,Relatable Comedy,VIDEO_REELS,False,True,False,False,False,False,False,False,False,False,False,False,False,False,False,False,False,False,False,False,False,69,0,5.0,0,0,False,False,False,0,2,2.960567129629629,20.94961805555556,2,1,False,False,False,False,1,1,177.63299560546875,2.0,0.0,original_sounds,['guglielmoscilla'],['10279523'],['guglielmoscilla'],['10279523'],[],,no
18046417198863293,"C’è il sole, venticello, gu sta cucinando una pasta buonissima e dopo giochiamo: sono felice.  La direzione artistica è di @claudiodibiagio",2024-07-23 11:57:09,2024,7,False,morning,11,111,533,0.1723602484472049,Private Life,CAROUSEL,False,False,False,True,False,False,False,False,False,False,False,False,False,False,False,False,True,False,False,False,False,139,0,10.5,0,0,False,False,False,0,2,1.042673611111111,21.992291666666667,2,4,False,False,False,False,0,1,,0.0,1.0,,[],[],[],[],[],,no
18012853979580282,"Foto di famiglia, riserva dello Zingaro 2024.  Cosa dice il nostro 👼🏻Eugenio nel video?  Avreste vinto al tavolo della roulette? Chi risponde a entrambe le domande vince una carta intestata della famiglia Barbera.",2024-07-26 10:12:45,2024,7,True,morning,10,14,45,0.2372881355932203,Private Life,CAROUSEL,False,True,False,True,False,False,False,False,False,False,False,False,False,False,False,False,False,False,False,False,False,212,0,8.25,0,2,False,False,False,1,3,2.9275,24.919791666666665,2,5,False,False,False,False,1,1,,0.0,0.0,,['claudiodibiagio' 'guglielmoscilla'],['5160149' '10279523'],[],[],[],Riserva Dello Zingaro,real
18031601518944846,"Questa foto e il suo backstage nascondono almeno 3 grandi insegnamenti, il candidato esponga quali",2024-07-27 11:24:53,2024,7,True,morning,11,20,53,0.273972602739726,Community,CAROUSEL,False,True,False,False,False,False,False,False,False,False,False,False,False,False,False,False,False,False,False,False,False,98,0,15.0,0,0,False,False,False,0,3,1.0500925925925926,25.96988425925926,1,0,False,False,False,False,1,1,,0.0,0.0,,['guglielmoscilla'],['10279523'],[],[],[],La realtà di un sogno,real
17865483759124019,"Amici e amiche, mi serve il vostro aiuto per iniziare a creare uno spazio che spero potremo vivere insieme appena finito, non vedo l’ora di invitarvi a giocare. Come lo chiamiamo?  @wallapop.it #wallapopitaly #wallapop #wallapoplovers #ad",2024-07-29 10:14:05,2024,7,False,morning,10,69,239,0.224025974025974,Private Life,VIDEO_REELS,False,False,False,False,False,False,False,False,False,False,False,False,False,False,False,False,True,True,False,False,False,238,0,9.25,0,1,False,False,False,0,4,1.9508333333333328,27.92071759259259,1,5,True,False,False,False,1,1,110.4000015258789,4.0,1.0,original_sounds,['wallapop.it'],['47010202441'],['wallapop.it'],['47010202441'],[],,no
18454659019005622,Il crime mi sta condizionando la vita. La mia cronologia mi incastrerebbe con ma stessa velocità con cui salpava la mave di Raul dopo un pinnettu.,2024-07-30 13:46:50,2024,7,False,afternoon,13,57,264,0.1775700934579439,Private Life,VIDEO_REELS,False,False,False,False,False,False,False,False,False,False,False,False,False,False,False,False,False,False,False,False,False,146,0,13.0,0,0,False,False,False,0,3,1.1477430555555554,1.1477430555555554,2,5,False,False,False,False,0,1,112.63300323486328,0.0,0.0,original_sounds,[],[],[],[],[],,no
18010866632545920,"Le mie #olimpiadi della pesca, uno sport completo.",2024-08-01 10:14:01,2024,8,False,morning,10,36,104,0.2571428571428571,Beauty & Fashion,VIDEO_REELS,False,False,False,False,False,False,False,False,False,False,False,False,False,False,False,False,False,False,False,False,False,50,0,8.0,0,0,False,False,False,0,4,1.852210648148148,2.999953703703704,1,0,False,False,False,False,0,1,175.93299865722656,1.0,0.0,original_sounds,[],[],[],[],[],,no
17964638207786355,Il mio treno è in ritardo di 60 minuti mi verrebbero da dire tante cose ma dirò solo letsgoski (🤙🏼↕️↕️),2024-08-03 12:50:48,2024,8,True,afternoon,12,10,10,0.5,Private Life,CAROUSEL,False,False,False,False,False,False,False,False,False,False,False,False,False,False,False,False,False,False,False,False,False,100,0,19.0,0,0,False,False,False,1,3,2.1088773148148148,5.108831018518519,1,5,False,False,False,False,0,1,,0.0,0.0,,[],[],[],[],[],,no
17893358241050773,Ho un grande occhio per gli acquisti. Brava 👍🏼,2024-08-05 11:57:24,2024,8,False,morning,11,68,202,0.2518518518518518,Relatable Comedy,VIDEO_REELS,False,False,False,False,False,False,False,False,False,False,False,False,False,False,False,False,False,False,False,False,False,45,0,4.0,0,0,False,False,False,1,3,1.9629166666666664,7.071747685185185,1,1,False,False,False,False,0,1,143.0,0.0,0.0,original_sounds,[],[],[],[],[],,no
18037726181043650,Estate ti amo pt. 2450 + sono arrivata a QUEL punto di The last of us II e voglio piangere sono UNA IENA adesso mi sentono faccio un casino stann’accis,2024-08-09 11:39:16,2024,8,True,morning,11,8,29,0.2162162162162162,Travel,CAROUSEL,False,False,False,False,False,False,False,False,False,False,False,False,False,False,False,False,False,False,False,False,False,151,0,14.5,0,0,False,False,False,0,2,3.987407407407408,11.059155092592592,1,0,False,False,False,False,0,1,,0.0,0.0,,[],[],[],[],[],,no
18122768275374904,E anche quest’anno i pomodorini si confermano unica ossessione rimasta patologicamente invariata della mia vita. I pomodorini sono la criptonite dei gemelli,2024-08-14 11:23:59,2024,8,False,morning,11,23,76,0.2323232323232323,Private Life,CAROUSEL,False,False,False,False,False,False,False,False,False,False,False,False,False,False,False,False,False,False,False,False,False,156,0,11.0,0,0,False,False,False,0,1,4.989386574074074,16.048541666666665,1,5,False,False,False,False,0,1,,0.0,0.0,,[],[],[],[],[],,no
18017286983228588,"Cosa c’entra Shakespeare con i videogiochi lo scoprirete in questo libro che mi ha fatto piangere, riflettere e venir voglia di immergermi in un MMORPG con focus chat.",2024-08-17 11:53:01,2024,8,True,morning,11,19,63,0.2317073170731707,Culture,VIDEO_REELS,False,False,False,False,False,False,False,False,False,False,False,False,False,False,False,False,False,False,False,False,False,167,0,28.0,0,0,False,False,False,0,1,3.020162037037037,19.068703703703704,1,0,False,False,False,False,0,0,153.93299865722656,0.0,0.0,original_sounds,[],[],[],[],[],,no
18002300054479921,Tagga la tua boutique 📍,2024-08-23 13:26:58,2024,8,True,afternoon,13,20,62,0.2439024390243902,Relatable Comedy,VIDEO_REELS,False,False,False,True,False,False,False,False,False,False,False,False,False,False,False,False,False,False,False,False,False,23,0,4.0,0,0,False,False,False,1,1,6.065243055555555,25.13394675925926,1,1,False,False,False,False,1,1,175.93600463867188,0.0,0.0,original_sounds,['claudiodibiagio'],['5160149'],[],[],[],,no
17959966085798551,Le Dolomiti sono sempre incredibili ma la Radler è il panorama che voglio vedere all’arrivo.,2024-08-25 11:08:30,2024,8,True,morning,11,6,17,0.2608695652173913,Private Life,CAROUSEL,False,False,False,False,False,False,False,False,False,False,False,False,False,False,False,False,False,False,False,False,False,92,0,15.0,0,0,False,False,False,0,1,1.9038425925925928,27.037789351851853,1,4,False,False,False,False,0,1,,0.0,0.0,,[],[],[],[],[],,no
18310063276086408,se le gambe facessero la stessa fatica degli occhi non si farebbe mai nulla.   Pic: @dorianalami,2024-08-27 12:23:40,2024,8,False,afternoon,12,14,42,0.25,Private Life,CAROUSEL,False,False,False,False,False,False,False,False,False,False,False,False,False,False,False,False,True,False,False,False,False,96,0,8.0,0,0,False,False,False,0,2,2.052199074074074,29.089988425925927,1,5,False,False,False,False,0,0,,0.0,1.0,,[],[],[],[],[],,no
18336210118120525,L’aneddoto di Marco Angela di oggi riguarda il dottor Semmelweis e come lui avesse capito tutto mentre gli altri non avessero capito un c***o. Siamo stati tutto Ignaz almeno una volta nella vita.,2024-08-28 14:28:09,2024,8,False,afternoon,14,30,86,0.2586206896551724,Private Life,VIDEO_REELS,False,False,False,False,False,False,False,False,False,False,False,False,False,False,False,False,False,False,False,False,False,195,0,17.0,0,0,False,False,False,0,3,1.0864467592592593,30.176435185185184,0,5,False,False,False,False,0,1,123.1999969482422,0.0,0.0,original_sounds,[],[],[],[],[],,no
18046859512915308,"Ciao Dolomiti, è stato molto bello, ora peró vorrei stare seduta un mese grazie mille",2024-08-29 13:30:01,2024,8,False,afternoon,13,5,13,0.2777777777777778,Private Life,CAROUSEL,False,False,False,False,False,False,False,False,False,False,False,False,False,False,False,False,False,False,False,False,False,85,0,15.0,0,0,False,False,False,0,4,0.9596296296296296,31.136064814814816,0,5,False,False,False,False,0,1,,0.0,0.0,,[],[],[],[],[],,no
18099990829437831,Balletti di fine estate.,2024-09-02 10:30:23,2024,9,False,morning,10,7,16,0.3043478260869565,Travel,CAROUSEL,False,False,False,False,False,False,False,False,False,False,False,False,False,False,False,False,False,False,False,False,False,24,0,4.0,0,0,False,False,False,0,3,3.8752546296296297,35.011319444444446,0,1,False,False,False,False,0,0,,0.0,0.0,,[],[],[],[],[],,no
18049999210848864,"Questa è la storia di due amici di vecchia data.  Uno dei due, però, custodiva un segreto: ogni martedí sera si trasformava in un’altra persona, aveva una doppia vita, un’identità nascosta di cui l’altro non sapeva nulla.   Continuate voi",2024-09-05 08:49:37,2024,9,False,morning,8,11,38,0.2244897959183673,Theatre,CAROUSEL,False,False,False,False,False,False,False,False,False,False,False,False,False,False,False,False,False,False,False,False,False,238,0,13.0,0,0,False,False,False,0,2,2.930023148148148,37.94134259259259,0,0,False,False,False,False,1,1,,0.0,0.0,,[],[],[],[],[],,no
18039867899088642,"This was Silke Bush, San Gertrude Krankenhaus, 1969. #larp",2024-09-10 12:58:57,2024,9,False,afternoon,12,20,56,0.2631578947368421,Private Life,CAROUSEL,False,False,False,False,False,False,False,False,False,False,False,False,False,False,True,False,False,False,False,False,False,58,0,4.5,0,0,False,False,False,0,1,5.173148148148148,43.11449074074074,0,5,False,False,False,False,0,1,,1.0,0.0,,['_eryados_'],['8298858790'],[],[],[],,no
18023303984158573,*inserisci cosa o persona X* come oggetto della lezione e mandala a chi non ha ancora ben compreso,2024-09-13 11:54:36,2024,9,True,morning,11,37,122,0.2327044025157232,Relatable Comedy,VIDEO_REELS,False,False,False,False,False,False,False,False,False,False,False,False,False,False,False,False,False,False,False,False,False,98,0,18.0,0,0,False,False,False,0,1,2.9553125,46.06980324074074,0,1,False,False,False,False,0,1,38.61299896240234,0.0,0.0,original_sounds,[],[],[],[],[],,no
18052593886722101,Sono la vostra compagna di banco che vi passa tutto il riassunto della prima stagione degli anelli del potere cosí potete vedere la seconda su prime video senza lacune. Prego.  @Primevideoit #AD #IlSignoreDegliAnelli #GliAnelliDelPotere,2024-09-17 10:56:31,2024,9,False,morning,10,10,66,0.131578947368421,Community,VIDEO_REELS,False,False,False,False,False,False,False,False,False,False,False,False,False,False,False,False,True,True,False,False,False,236,0,11.333333333333334,0,0,False,False,False,0,2,3.959664351851852,50.0294675925926,0,0,True,False,False,False,0,0,246.63299560546875,3.0,1.0,original_sounds,['primevideoit'],['4168387559'],['primevideoit'],['4168387559'],[],,no
18020446526224408,"Non sono d’accordo con nessuna delle posizioni, mi amo.",2024-09-19 12:16:32,2024,9,False,afternoon,12,20,53,0.273972602739726,Relatable Comedy,VIDEO_REELS,False,False,False,False,False,False,False,False,False,False,False,False,False,False,False,False,False,False,False,False,False,55,0,9.0,0,0,False,False,False,0,2,2.0555671296296296,2.0555671296296296,1,2,False,False,False,False,0,1,97.06600189208984,0.0,0.0,original_sounds,[],[],[],[],[],,no
18283817566234030,"Un vecchio proverbio armeno recita: chi trova un amico e fotografo come @claudiodibiagio trova un tesoro, ma chi trova un tesoro non è detto che ci trovi dentro Claudio di Biagio.",2024-09-22 09:41:01,2024,9,True,morning,9,17,29,0.3695652173913043,Private Life,CAROUSEL,False,False,False,True,False,False,False,False,False,False,False,False,False,False,False,False,True,False,False,False,False,179,0,31.0,0,0,False,False,False,0,2,2.892002314814815,4.9475694444444445,1,5,False,False,False,False,0,1,,0.0,1.0,,['claudiodibiagio'],['5160149'],[],[],[],,no
18141280402343532,Qualcuno ha dei barattoli da prestarmi? Fatemi sapere pls,2024-09-24 10:30:28,2024,9,False,morning,10,33,222,0.1294117647058823,Relatable Comedy,VIDEO_REELS,False,False,False,False,False,False,False,False,False,False,False,False,False,False,False,False,False,False,False,False,False,57,0,4.5,0,1,False,False,False,0,3,2.034340277777778,6.981909722222222,1,2,False,False,False,False,1,1,15.765999794006348,0.0,0.0,original_sounds,[],[],[],[],[],,no
18068802886612737,"Con immenso gaudio le nostre personalitá vi annunciano che domani alle ore 14.00 saranno disponibili al link in bio i biglietti per TRE NUOVE DATE di Avanguardia Pura: San Marino, Lugano e La spezia. Siamo troppo felici di come state accogliendo questo tour.  Notizia meno felice ma che gestiremo al meglio: abbiamo dovuto rischedulare le due date di Milano (che erano sold out) e la data di Sassari, perchè coincidono con la settimana di Sanremo, che purtroppo è stata modificata all’ultimo.  Per chi ha già i vecchi biglietti SARANNO VALIDI per le nuove date, senza dover fare nulla. Per chi non potesse più venire nelle nuove date puó ovviamente chiedere il rimborso.   Arcimboldi 11 febbraio—> diventa 12 Marzo Arcimboldi 12 febbraio—> diventa 13 Marzo  Sassari 15 febbraio—> diventa 22 Febbraio   Speriamo possiate venire tutti e tutte. Vi vogliamo mega bene, a domani! Ore 14!",2024-09-26 11:42:06,2024,9,False,morning,11,11,38,0.2244897959183673,Theatre,CAROUSEL,False,True,False,False,False,False,False,False,False,False,False,False,False,False,False,False,False,False,False,False,True,882,0,16.11111111111111,2,0,False,False,False,0,3,2.0497453703703705,9.031655092592592,1,1,False,False,False,False,0,0,,0.0,0.0,,['guglielmoscilla'],['10279523'],['guglielmoscilla'],['10279523'],[],,no
18074117857510337,Bro raga nonostante i barattolini io in catechismo ho 10+.,2024-09-30 09:20:14,2024,9,False,morning,9,40,154,0.2061855670103092,Relatable Comedy,VIDEO_REELS,False,False,False,False,False,False,False,False,False,False,False,False,False,False,False,False,False,False,False,False,False,58,0,10.0,0,0,False,False,False,0,2,3.901481481481481,12.933136574074076,1,3,False,False,False,False,0,1,59.132999420166016,0.0,0.0,original_sounds,[],[],[],[],[],,no
18054044179866008,Oggi parliamo del kit anti-ghosting: un alleato che dovremmo portarci sempre dietro per combattere chi non ci merita.   @kiehlsitaly @kiehls #adv #skincare #kiehlsenefrega,2024-10-01 11:42:44,2024,10,False,morning,11,23,79,0.2254901960784313,Beauty & Fashion,VIDEO_REELS,False,False,False,False,False,False,False,False,False,False,False,False,False,False,False,False,True,True,False,False,False,171,0,12.0,0,0,False,False,False,0,2,1.0989583333333333,14.032094907407409,1,0,False,False,False,False,0,1,59.97499847412109,3.0,2.0,original_sounds,[],[],[],[],[],,no
18050125144927381,A livello di foto siamo apparecchiati // settembre dump,2024-10-03 09:24:19,2024,10,False,morning,9,13,23,0.3611111111111111,Community,CAROUSEL,False,False,False,False,False,False,False,False,False,False,False,False,False,False,False,False,False,False,False,False,False,55,0,8.0,0,0,False,False,False,0,3,1.903877314814815,1.903877314814815,2,1,False,False,False,False,0,0,,0.0,0.0,,[],[],[],[],[],,no
18024178772187759,"Oggi è domenica, il giorno perfetto per cucinare una torta.  Attendo vostre.",2024-10-06 11:51:10,2024,10,True,morning,11,28,97,0.224,Cooking,VIDEO_REELS,False,False,False,False,False,False,False,False,False,False,False,False,False,False,False,False,False,False,False,False,False,76,0,6.0,0,0,False,False,False,0,3,3.1019791666666667,5.005856481481482,2,0,False,False,False,False,1,1,242.0,0.0,0.0,original_sounds,[],[],[],[],[],,no
18012486599374426,Si intitola: aspettando il corriere.,2024-10-11 10:22:59,2024,10,True,morning,10,13,28,0.3170731707317073,Private Life,CAROUSEL,False,False,False,False,False,False,False,False,False,False,False,False,False,False,False,False,False,False,False,False,False,36,0,5.0,0,0,False,False,False,0,1,4.938761574074074,9.944618055555557,2,1,False,True,False,False,0,1,,0.0,0.0,,['francescoormando'],['1709827540'],[],[],[],,no
18272923384245815,No va beh è letteralmente mega top,2024-10-16 11:11:10,2024,10,False,morning,11,41,205,0.1666666666666666,Relatable Comedy,VIDEO_REELS,False,False,False,False,False,False,False,False,False,False,False,False,False,False,False,False,False,False,False,False,False,34,0,7.0,0,0,False,False,False,0,1,5.033460648148148,14.978078703703703,2,3,False,False,False,False,0,1,50.233001708984375,0.0,0.0,original_sounds,[],[],[],[],[],,no
17906197146026894,"Per lezioni di labiale potete contattare ciascuno di noi privatamente, vi faremo sapere se abbiamo ancora posti liberi. Per capire quanto sono stati iconici gli anni ‘90, potete guardare “Hanno Ucciso l’Uomo Ragno - La leggendaria storia degli 883” in streaming solo su @nowtvit   #883laserie #SkyOriginal #Adv",2024-10-18 11:50:14,2024,10,True,morning,11,11,25,0.3055555555555556,Cinema & TV,VIDEO_REELS,True,True,False,False,False,False,False,False,False,False,False,False,False,False,False,False,True,True,False,False,False,310,0,23.0,0,0,False,False,False,0,1,2.0271296296296297,17.005208333333332,1,0,True,False,False,False,0,1,77.06600189208984,3.0,1.0,original_sounds,['alicelikeaudrey' 'guglielmoscilla' 'nowtvit'],['2452651' '10279523' '3413410025'],['nowtvit' 'alicelikeaudrey' 'guglielmoscilla'],['3413410025' '2452651' '10279523'],[],,no
18038491703168182,"C’è chi si crea castelli di carta, io cucino castelli di sassi.  Per chi si fosse perso la saga delle polpette di lenticchie.",2024-10-20 11:25:05,2024,10,True,morning,11,15,185,0.075,Private Life,VIDEO_REELS,False,False,False,False,False,False,False,False,False,False,False,False,False,False,False,False,False,False,False,False,False,125,0,11.5,0,0,False,False,False,0,2,1.9825347222222225,1.9825347222222225,2,2,False,False,False,False,0,1,108.96900177001952,0.0,0.0,original_sounds,[],[],[],[],[],,no
18027072278154747,"Immaginate me, appassionata di Crime, accanto a Lucarelli e Picozzi: ho fatto del mio meglio per mantenere la calma.  @audible_it  #Audible #NerocomelAbisso  #adv #podcast",2024-10-23 11:49:14,2024,10,False,morning,11,11,17,0.3928571428571428,Podcast,VIDEO_REELS,False,False,False,False,False,False,False,False,False,False,False,False,False,False,False,False,True,True,False,False,False,171,0,12.0,0,0,False,False,False,0,2,3.016770833333333,4.999305555555556,2,0,False,True,False,False,0,0,86.4000015258789,4.0,1.0,original_sounds,['picozzimassimo' 'carlolucarelli_official'],['1277266260' '7481217540'],[],[],[],,no
18040110779126075,Trailer della mia vita:,2024-10-25 13:51:57,2024,10,True,afternoon,13,3,8,0.2727272727272727,Relatable Comedy,VIDEO_REELS,False,False,False,False,False,False,False,False,False,False,False,False,False,False,False,False,False,False,False,False,False,23,0,4.0,0,0,False,False,False,0,2,2.085219907407408,2.085219907407408,3,2,False,False,False,False,0,1,9.866000175476074,0.0,0.0,original_sounds,[],[],[],[],[],,no
18037989809511012,Amiche da una vita. #93birthday,2024-10-26 08:57:23,2024,10,True,morning,8,8,30,0.2105263157894736,Private Life,CAROUSEL,True,False,False,False,False,False,False,False,False,False,False,False,False,False,False,False,False,False,False,False,False,31,0,2.5,0,0,False,False,False,0,3,0.7954398148148148,2.880659722222222,3,2,False,False,False,False,0,0,,1.0,0.0,,['alicelikeaudrey'],['2452651'],['alicelikeaudrey'],['2452651'],[],,no
17956054091830042,La tana giochi è finalmente pronta e arredata con tutte le cose di seconda mano che sono riuscita a trovare: benvenuti ad Hawkwarts.   @wallapop.it #wallapopitaly #wallapop #wallapoplovers #adv,2024-10-28 12:03:45,2024,10,False,afternoon,12,44,142,0.2365591397849462,Games,VIDEO_REELS,False,False,False,False,False,False,False,False,False,False,False,False,False,False,False,False,True,True,False,False,False,193,0,9.666666666666666,0,0,False,False,False,0,3,2.129421296296296,5.010081018518519,3,0,True,False,False,False,0,1,53.56600189208984,4.0,1.0,original_sounds,['wallapop.it'],['47010202441'],['wallapop.it'],['47010202441'],[],,no
18013652240401535,Last 3 days al Lucca comics ma solo quando mi sono ricordata di fare una foto cioè: mai 🫶🏻 però tutto molto bello.,2024-11-03 09:45:49,2024,11,True,morning,9,1,14,0.0666666666666666,Relatable Comedy,CAROUSEL,False,False,False,True,False,False,False,False,False,False,False,False,False,False,False,False,False,False,False,False,False,113,0,22.0,0,0,True,False,False,1,1,5.904212962962963,5.904212962962963,3,2,False,True,False,False,0,1,,0.0,0.0,,['heliodinardo' 'claudiodibiagio'],['1587576' '5160149'],[],[],[],,no
17892899394097718,Il video è fatto a scopo ironico Il riferimento a tute o persone è assolutamente casuale.,2024-11-04 11:41:42,2024,11,False,morning,11,40,234,0.145985401459854,Community,VIDEO_REELS,False,False,False,False,False,False,False,False,False,False,False,False,False,False,False,False,False,False,False,False,False,89,0,16.0,0,0,False,False,False,0,2,1.080474537037037,6.9846875,3,0,False,False,False,False,0,1,115.21499633789062,0.0,0.0,original_sounds,[],[],[],[],[],,no
17933517863942989,Ritrovato video del primo giorno in cui imparai e provai per la primissima volta la coreografia di bye bye bye che chiudeva il Saggio di fine anno a teatro. Quanto mi son divertita a uscire a sopresa con la maglietta di dimensione danza.,2024-11-06 10:40:29,2024,11,False,morning,10,30,52,0.3658536585365853,Theatre,VIDEO_REELS,False,False,False,False,False,False,False,False,False,False,False,False,False,False,False,False,False,False,False,False,False,237,0,21.5,0,0,False,False,False,0,2,1.957488425925926,8.942175925925927,3,0,False,False,False,False,0,1,75.63300323486328,0.0,0.0,original_sounds,[],[],[],[],[],,no
17955903116836130,Ho invitato alcuni di voi in DM per inaugurare con me la tana giochi arredata su @wallapop.it: ecco come è andata!  Voglio rifarlo tipo domani.  #wallapopitaly #wallapop #wallapoplovers #adv,2024-11-11 13:06:27,2024,11,False,afternoon,13,24,45,0.3478260869565217,Games,VIDEO_REELS,False,False,False,False,False,False,False,False,False,False,False,False,False,False,False,False,True,True,False,False,False,190,0,7.5,1,0,False,False,False,0,1,5.101365740740741,14.043541666666666,3,1,True,False,False,False,1,1,89.31999969482422,4.0,1.0,original_sounds,['wallapop.it'],['47010202441'],['wallapop.it'],['47010202441'],[],,no
17846756502330617,"E anche questo larp si è concluso, Demetra Von Kopperstein mi mancherá molto. Ora si torna a lavorare ad Avanguardia Pura.",2024-11-19 13:27:00,2024,11,False,afternoon,13,19,45,0.296875,Private Life,VIDEO_REELS,False,True,False,False,False,False,False,False,False,False,False,False,False,False,False,False,False,False,False,False,False,122,0,10.5,0,0,False,False,False,0,0,8.014270833333333,8.014270833333333,3,2,False,False,False,False,0,1,16.506999969482422,0.0,0.0,original_sounds,[],[],[],[],[],,no
17940054983800556,"Alla luce del sold out del Geox a Padova abbiamo aggiunto una nuova data vicino, a BASSANO DEL GRAPPA, i cui biglietti saranno disponibili online da LUNEDI 25 alle 14:00.  Tutte le altre date le trovate in locandina, alcune sono sold out, di altre mancano pochissimi posti.  Il link a tutti biglietti sono in bio e nelle storie.  Vi vogliamo benissimo, ora scusate dobbiamo tornare a ripassare le dispense del secondo atto. ❤️",2024-11-22 13:31:35,2024,11,True,afternoon,13,5,11,0.3125,Theatre,IMAGE,False,True,False,False,False,False,False,False,False,False,False,False,False,False,False,False,False,False,False,False,False,425,0,18.25,0,0,True,False,False,1,1,3.0031828703703702,11.017453703703705,2,1,False,False,False,False,0,1,,0.0,0.0,,['guglielmoscilla'],['10279523'],['guglielmoscilla'],['10279523'],[],,no
18110039956438006,"Son sicura che il 2025 sarà il mio anno, nel mentre mi guardo la terza stagione di Dinner club, su Prime Video.  @primevideoit #DinnerClub3 #adv",2024-11-23 10:01:21,2024,11,True,morning,10,8,28,0.2222222222222222,Cinema & TV,VIDEO_REELS,False,False,False,False,False,False,False,False,True,False,False,False,False,False,False,True,True,True,False,False,False,144,0,12.5,0,0,False,False,False,0,2,0.8540046296296296,11.871458333333331,2,0,True,False,False,False,0,0,75.76599884033203,2.0,1.0,original_sounds,['carlocracco' 'primevideoit'],['2041219639' '4168387559'],['primevideoit'],['4168387559'],[],,no
18007619795498589,"Novembre mese storicamente orrendo ma questo è stato, devo dirlo, molto bello.",2024-11-27 12:38:09,2024,11,False,afternoon,12,10,12,0.4545454545454545,Private Life,CAROUSEL,False,False,False,False,False,False,False,False,False,False,False,False,False,False,False,False,False,False,False,False,False,78,0,12.0,0,0,False,False,False,0,2,4.108888888888889,4.108888888888889,2,2,False,False,False,False,0,1,,0.0,0.0,,[],[],[],[],[],,no
18001722662697645,"Romeo + Juliet, ma senza budget.",2024-12-01 11:27:03,2024,12,True,morning,11,19,131,0.1266666666666666,Private Life,CAROUSEL,False,True,False,False,False,False,False,False,False,False,False,False,False,False,False,False,False,False,False,False,False,32,0,5.0,0,0,False,False,False,0,1,3.950625,8.059513888888889,2,3,False,False,False,False,0,0,,0.0,0.0,,['guglielmoscilla'],['10279523'],['guglielmoscilla'],['10279523'],[],,no
18018357203355933,Oggi host Carline Conti di Podcast new Era2 con una piccola sopresa ❤️,2024-12-05 10:37:58,2024,12,False,morning,10,9,40,0.1836734693877551,Podcast,CAROUSEL,True,False,False,False,False,False,False,False,False,False,False,False,False,False,False,False,False,False,False,False,False,69,0,12.0,0,0,True,False,False,1,1,3.965914351851852,12.02542824074074,2,0,True,False,False,False,0,1,,0.0,0.0,,['alicelikeaudrey' 'spotifyitaly'],['2452651' '13743698303'],['alicelikeaudrey'],['2452651'],[],,no
17877696234126539,Ciò che più conta in un regalo è il pensiero che c’è dietro e infatti io ho pensato tanto a cosa potesse piacermi. @eataly #eataly #adv,2024-12-10 13:32:50,2024,12,False,afternoon,13,9,17,0.3461538461538461,Reflections,VIDEO_REELS,False,False,False,False,False,False,False,False,False,False,False,False,False,False,False,False,True,True,False,False,False,135,0,13.0,0,0,False,False,False,0,1,5.121435185185185,17.146863425925925,2,0,True,False,False,False,0,1,64.4000015258789,2.0,1.0,original_sounds,['eataly'],['715557586'],[],[],[],,no
17937566510826444,Si intitola vorrei solo fare larp ma purtroppo esiste la vita vera dove non ho poteri magici.   Pic analogiche di quel grande di @claudiodibiagio,2024-12-11 11:04:24,2024,12,False,morning,11,4,13,0.2352941176470588,Private Life,CAROUSEL,False,False,False,True,True,True,False,False,False,False,False,False,False,False,True,False,True,False,False,False,False,145,0,12.0,0,0,False,False,False,0,2,0.8969212962962962,0.8969212962962962,3,3,False,True,False,False,0,1,,0.0,1.0,,['graziana_tolino' 'roccotnl' 'lollobarollo1' '_eryados_'],['9387519' '186430920' '434157595' '8298858790'],[],[],[],,no
17929123385872053,Questo video è consigliato a un pubblico di soli non misofonici. Io vi ho avvisato.,2024-12-18 14:44:30,2024,12,False,afternoon,14,37,261,0.1241610738255033,Community,VIDEO_REELS,False,False,False,False,False,False,False,False,False,False,False,False,False,False,False,False,False,False,False,False,False,83,0,7.5,0,0,False,False,False,0,0,7.152847222222222,8.049768518518519,2,0,False,False,False,False,0,0,135.43299865722656,0.0,0.0,original_sounds,[],[],[],[],[],,no
18381943324109012,Dicembre at its best.,2024-12-26 11:37:32,2024,12,False,morning,11,2,10,0.1666666666666666,Private Life,CAROUSEL,False,False,False,False,False,False,False,False,False,False,False,False,False,False,False,False,False,False,False,False,False,21,0,4.0,0,0,False,False,False,0,0,7.870162037037037,15.919930555555556,1,4,False,False,False,False,0,1,,0.0,0.0,,[],[],[],[],[],,no
18130467304381445,Se la tua spesa del 2024 potesse parlare cosa direbbe? Scoprilo facendo il tuo Esselover Year.   @esselunga #adv #YourEsseloverYear,2024-12-27 11:18:52,2024,12,True,morning,11,6,46,0.1153846153846153,Food,VIDEO_REELS,False,False,False,False,False,False,False,False,False,False,False,False,False,False,False,False,True,True,False,False,False,131,0,6.333333333333333,0,1,False,False,False,0,1,0.987037037037037,16.906967592592594,1,0,False,False,False,False,0,1,72.66600036621094,2.0,1.0,original_sounds,[],[],[],[],[],,no
18101750707468758,Perdoname Gue por mi vida subumana #recap2024,2024-12-31 13:36:58,2024,12,False,afternoon,13,10,18,0.3571428571428571,Relatable Comedy,VIDEO_REELS,False,False,False,False,False,False,False,False,False,False,False,False,False,False,False,False,False,False,False,False,False,45,0,7.0,0,0,False,False,False,0,2,4.095902777777778,4.095902777777778,2,0,False,False,False,False,0,1,65.43299865722656,1.0,0.0,licensed_music,[],[],[],[],[],,no
18028121075613778,"Ieri è stato il compleanno della Nonna Mariuccia, 94 anni.  La nonna Mariuccia - Mariuccia polenta e puccia come la chiamavano tutti- nel giorno del suo compleanno si è ricordata di quella volta in cui non è riuscita a entrare nel rifugio e si è dovuta buttare a terra per sperare di non essere colpita dai mitragliatori inglesi. Quante storie incredibili ha da raccontare la nonna Mariuccia che queste 94 candeline, io credo, se le è proprio meritate.",2025-01-07 10:38:59,2025,1,False,morning,10,13,63,0.1710526315789473,Private Life,VIDEO_REELS,False,False,False,False,False,False,False,False,False,False,False,False,False,False,False,False,False,False,False,False,False,452,0,25.666666666666668,0,0,False,False,False,0,1,6.876400462962963,10.97230324074074,2,4,False,False,False,False,0,1,81.802001953125,0.0,0.0,original_sounds,[],[],[],[],[],,no
18043036526034596,"L’amicizia sana, una diapositiva.",2025-01-09 11:31:16,2025,1,False,morning,11,42,214,0.1640625,Private Life,VIDEO_REELS,False,False,False,False,False,False,False,False,False,False,False,False,False,False,False,False,False,False,False,False,False,33,0,4.0,0,0,False,False,False,0,1,2.0363078703703703,13.008611111111112,2,5,False,False,False,False,0,0,148.5330047607422,0.0,0.0,original_sounds,[],[],[],[],[],,no
18309905242206290,"Le prime due date del tour sono andate, Avanguardia Pura ha finalmente iniziato il suo viaggio.  Abbiamo una felicità e una carica in corpo che non so neanche spiegarvi, non vedo l’ora di vedervi tutti e tutte.  Ora siamo in viaggio per la Puglia, Bari ci vediamo domani.  Che bello. ❤️",2025-01-13 11:22:49,2025,1,False,morning,11,9,58,0.1343283582089552,Theatre,CAROUSEL,False,True,False,False,False,False,False,False,False,False,False,False,False,False,False,False,False,False,False,False,False,285,0,12.5,0,0,True,False,False,1,2,3.994131944444444,17.002743055555555,1,0,False,False,False,False,0,1,,0.0,0.0,,[],[],[],[],[],,no
18068271883765160,"Stavo leggendo un libro e nel libro c’era un personaggio a cui non veniva in mente l’esatto termine per descrivere quello che stava vedendo. Allora mi sono chiesta come facciano i traduttori. Io non so nulla sul lavoro dei traduttori, ma se lo facessi io, anche se non lo so fare, penso che partirei traducendo tutto quello su cui non ho dubbi, lasciando in lingua straniera le parole che esigono una ricerca specifica: quei verbi o aggettivi che devono essere proprio precisi, per raccontare bene la scena.  Finito un primo lavoro sommario, ricomincerei da capo e inizierei quello di fino. Ho pensato che se facessero così, i traduttori, replicherebbero bene quello che in fondo facciamo tutti nella vita di tutti i giorni. Guardiamo le cose e incaselliamo prima quelle che conosciamo benissimo, creiamo una cornice familiare e poi torniamo sui dettagli, sui particolari che non abbiamo mai visto e li scrutiamo più a fondo per trovargli una giusta forma nel nostro alfabeto in continuo divenire. Alle volte ci riusciamo, alle volte no.  Infatti esistono ottime traduzioni e traduzioni fatte con i piedi. Ma comunque non credo procedano così, i traduttori.",2025-01-15 12:37:22,2025,1,False,afternoon,12,5,11,0.3125,Culture,IMAGE,False,False,False,False,False,False,False,False,False,False,False,False,False,False,False,False,False,False,False,False,False,1157,0,21.11111111111111,0,0,False,False,False,0,2,2.0517708333333333,19.054513888888888,1,0,False,False,False,True,0,1,,0.0,0.0,,['alessioalbi'],['10718977'],[],[],[],,no
18034461371185646,Un po’ di cose sparse di questo inizio tour.  Grazie a tutti quelli che lo stanno vivendo con noi.  Siamo felicissimi.,2025-01-18 13:06:54,2025,1,True,afternoon,13,4,21,0.16,Theatre,CAROUSEL,False,True,False,False,False,False,False,False,False,False,False,False,False,False,False,False,False,False,False,False,False,118,0,7.0,0,0,False,False,False,0,2,3.020509259259259,22.075023148148148,1,1,False,True,False,False,0,1,,0.0,0.0,,['guglielmoscilla' 'matteo.quinzi'],['10279523' '7063561106'],[],[],[],,no
17847059601374720,Libri finiti a gennaio. Se volete un parere rapido ve lo lascio nelle storie.  Si accettano consigli per i prossimi mesi di tour dove ho tante ore di spostamenti e mi sono ripromessa di non portarmi la Switch.,2025-01-20 13:02:25,2025,1,False,afternoon,13,7,87,0.0744680851063829,Culture,CAROUSEL,False,False,False,False,False,False,False,False,False,False,False,False,False,False,False,False,False,False,False,False,False,209,0,12.666666666666666,0,0,False,False,False,0,2,1.996886574074074,24.071909722222223,1,1,False,False,False,False,1,0,,0.0,0.0,,[],[],[],[],[],,no
18036893048149256,Anche a te e famiglia.,2025-01-26 12:03:57,2025,1,True,afternoon,12,9,15,0.375,Private Life,CAROUSEL,False,False,False,False,False,False,False,False,False,False,False,False,False,False,False,False,False,False,False,False,False,22,0,5.0,0,0,False,False,False,0,1,5.959398148148148,30.03130787037037,0,3,False,False,False,False,0,1,,0.0,0.0,,[],[],[],[],[],,no
18030434555271442,"I primi due Brancaccio non si scordano mai. Che meraviglia, voi. Grazie Roma.",2025-01-29 15:08:31,2025,1,False,afternoon,15,2,26,0.0714285714285714,Travel,CAROUSEL,False,True,False,False,False,False,False,False,False,False,False,False,False,False,False,False,False,False,False,False,False,77,0,4.333333333333333,0,0,False,False,False,0,1,3.1281712962962964,33.159479166666664,0,0,True,True,True,False,1,1,,0.0,0.0,,"['emastokholma' 'guglielmoscilla' 'christiantheseeker98' 'vivoconcerti'
 'serenabonanno' 'violetpar' 'showreel_factory' 'matteo.quinzi'
 'linasimonsmusic' 'chiaramagliacane']","['7244347' '10279523' '194358634' '212137953' '238064181' '453713640'
 '2288459744' '7063561106' '10941436553' '19274433044']",[],[],[],,no
17890629897176002,Siamo andati dai radical chic a chiedere loro quali sono le frasi più iconiche del circolino che va nei ristorantini che va nei posticini:,2025-02-02 11:32:32,2025,2,True,morning,11,11,49,0.1833333333333333,Private Life,VIDEO_REELS,False,False,False,False,False,False,False,False,False,False,False,False,False,False,False,False,False,False,False,False,False,138,0,24.0,0,0,False,False,False,0,2,3.850011574074074,37.00949074074074,0,3,False,False,False,False,0,1,90.03299713134766,0.0,0.0,original_sounds,[],[],[],[],[],,no
17913571254066379,Meglio un giorno da leoni che mille da cento.,2025-02-05 13:36:43,2025,2,False,afternoon,13,6,16,0.2727272727272727,Private Life,CAROUSEL,False,False,False,False,False,False,False,False,False,False,False,False,False,False,False,False,False,False,False,False,False,45,0,9.0,0,0,False,False,False,0,2,3.086238425925926,40.095729166666665,0,4,True,True,False,False,0,1,,0.0,0.0,,"['marzers' 'silviess' 'silviagianatti' 'est_radio' 'chiara.maroncelli'
 'violetpar' 'cerials_killer' 'chiaramagliacane']","['8267' '738222' '9105049' '302389340' '410265591' '453713640'
 '2426055242' '19274433044']",[],[],[],,no
18129199636398821,"Una cena, un compleanno, un carillon e un’amicizia.  Buon compleanno amica mia.",2025-02-08 11:19:10,2025,2,True,morning,11,7,11,0.3888888888888889,Food,CAROUSEL,True,False,False,False,False,False,False,False,False,False,False,False,False,False,False,False,False,False,False,False,False,79,0,6.0,0,0,False,False,False,0,2,2.9044791666666665,43.00020833333333,0,0,False,False,False,False,0,1,,0.0,0.0,,['alicelikeaudrey'],['2452651'],[],[],[],,no
17928139904904002,"Certi amori non finiscono, fanno dei giri immensi e poi ritornano, ebbene sì: siamo tornate. È con l’inizio della settimana santa di Sanremo che possiamo ufficializzarvi il ritorno di “Tutte le volte che” Sanremo ediscio, con una puntata scrocchiarella per voi, ogni mattina da domani.  Non vediamo l’ora di chiacchierare con gli artisti in gara che passeranno a trovarci, ma non potevamo non aprire la stagione con il padrone di casa: Carlo Conti. Domani mattina sarà online la puntata e non vediamo l’ora di farci questo Sanremo con voi commentando le puntate come se fossimo tutti insieme sul nostro divano. A domani, si riparte! ❤️  Tutte Le Volte Che Sanremo Ediscio è una produzione @showreel_factory per @onepodcast_ in collaborazione con @spotifyitaly",2025-02-10 13:03:30,2025,2,False,afternoon,13,20,98,0.1694915254237288,Podcast,CAROUSEL,True,False,False,False,False,False,False,False,False,False,False,False,False,False,False,False,True,False,False,False,True,758,0,20.0,1,0,True,False,False,1,2,2.072453703703704,45.07266203703704,0,0,True,False,False,False,1,1,,0.0,3.0,,['alicelikeaudrey' 'onepodcast_'],['2452651' '436646772'],['onepodcast_' 'alicelikeaudrey'],['436646772' '2452651'],[],,no
18066958285842484,È uscita la prima puntata di Tutte le volte che su @spotifyitaly dove abbiamo chiacchierato col padrone di casa di questo Sanremo25: @carloconti.tv  L’avete ascoltata? Vi piace come ha disposto la sua squadra o avreste fatto una formazione diversa? Fateci sapere! Siamo carichissime per stasera! ❤️ Noi ci sentiamo tutte le mattine con Tutte le volte che - Sanremo edition!,2025-02-11 12:27:34,2025,2,False,afternoon,12,4,18,0.1818181818181818,Podcast,VIDEO_REELS,True,False,False,False,False,False,False,False,False,False,False,False,False,False,False,True,True,False,False,False,True,372,0,9.833333333333334,3,2,True,False,False,1,3,0.9750462962962962,46.04770833333333,0,1,True,False,False,False,1,1,57.375,0.0,2.0,original_sounds,['alicelikeaudrey' 'onepodcast_' 'carloconti.tv' 'spotifyitaly'],['2452651' '436646772' '2977362225' '13743698303'],['carloconti.tv' 'onepodcast_' 'spotifyitaly' 'alicelikeaudrey'],['2977362225' '436646772' '13743698303' '2452651'],[],,no
17892659451172638,Riassunto della prima giornata a #sanremo2025 con Tutte le volte che ✨,2025-02-12 15:20:23,2025,2,False,afternoon,15,5,10,0.3333333333333333,Podcast,CAROUSEL,True,False,False,False,False,False,False,False,False,False,False,False,False,False,False,False,False,False,False,False,False,70,0,11.0,0,0,False,False,True,1,3,1.120011574074074,47.16771990740741,0,2,False,False,True,False,0,1,,1.0,0.0,,"['alicelikeaudrey' 'thekolors_stash' 'alex_thekolors' 'breshbandicoot'
 'dario_thekolors']",['2452651' '21956325' '860923560' '1298631944' '2312877385'],['alicelikeaudrey'],['2452651'],[],,no
18060475846797041,Bollettino giorno due: abbiamo imparato cosa non dire mai a un genovese. Chi ha ascoltato la puntata sa. #sanremo2025,2025-02-13 17:24:08,2025,2,False,afternoon,17,3,10,0.2307692307692307,Podcast,CAROUSEL,True,False,False,False,False,False,False,False,False,False,False,False,False,False,False,False,False,False,False,False,False,117,0,6.333333333333333,0,0,False,False,False,0,4,1.0859375,48.25365740740741,0,3,False,False,True,False,0,1,,1.0,0.0,,"['alicelikeaudrey' 'brunorisas' 'olly_nclusive' 'williepeyote'
 'ranieri_official']",['2452651' '177374786' '268011624' '2254249509' '6941333354'],['alicelikeaudrey'],['2452651'],[],,no
18085797457601643,"Un post pubblico che il nostro autore, Michele, vuole dedicare a Rose per scusarsi della gaffe di cui si è reso protagonista. Nella puntata maggiori dettagli sulla sua colpevolezza. #sanremo2025",2025-02-15 13:35:46,2025,2,True,afternoon,13,6,12,0.3333333333333333,Podcast,CAROUSEL,True,False,False,False,False,False,False,False,False,False,False,False,False,False,False,False,False,False,False,False,False,194,0,10.0,0,0,False,False,False,0,4,1.841412037037037,50.09506944444445,0,4,False,False,True,False,0,1,,1.0,0.0,,"['alicelikeaudrey' 'rosevillain' 'cristicchi' 'coma_cose'
 'francesca_michielin' 'serenabrancale' 'amaramusicofficial' 'irama.plume']","['2452651' '7965593' '22502834' '40858370' '175856288' '533675982'
 '743527897' '2255280309']",['alicelikeaudrey'],['2452651'],[],,no
18055221631888119,"Grazie per esserci stati anche in questo Sanremo, Tutte le volte che è il podcast più ascoltato e noi vi siamo immensamente grate.  Domani parte la nuova stagione, con un episodio a settimana, quindi non è un addio ma un arrivederci. Grazie di cuore❤️",2025-02-16 13:46:59,2025,2,True,afternoon,13,7,31,0.1842105263157894,Podcast,CAROUSEL,True,False,False,False,False,False,False,False,False,False,False,False,False,False,False,False,False,False,False,False,True,250,0,14.666666666666666,0,0,True,False,False,1,5,1.007789351851852,51.102858796296296,0,5,True,False,True,False,0,0,,0.0,0.0,,"['alicelikeaudrey' 'francescogabbani' 'onepodcast_' 'soccins'
 'showreel_factory' '_sarahtoscano_' 'spotifyitaly']","['2452651' '325782339' '436646772' '493526559' '2288459744' '7860779619'
 '13743698303']",['alicelikeaudrey'],['2452651'],[],,no
18038415872170825,"Scusateci, i day off non ci fanno bene.  Ci vediamo domani sera a Sassari ❤️",2025-02-21 11:06:33,2025,2,True,morning,11,19,161,0.1055555555555555,Relatable Comedy,VIDEO_REELS,False,True,False,False,False,False,False,False,False,False,False,False,False,False,False,False,False,False,False,False,False,75,0,7.0,0,0,True,False,False,1,2,4.888587962962963,55.99144675925926,0,0,False,False,False,False,0,1,86.0999984741211,0.0,0.0,original_sounds,['guglielmoscilla'],['10279523'],['guglielmoscilla'],['10279523'],[],,no
18156973927341711,"“A volte, non capisco chi io sia, cosa stia facendo o forse dovrei dire che mi perdo di vista. Non ho la sensazione di essere me stesso, di vivere la mia vita. In quei momenti mi percepisco come un’ombra. Ho l’impressione di vivere fingendo di essere me, imitando alla perfezione tutto quello che faccio”.   Ci sono libri che per lo stato d’animo con cui li leggi, te li ricorderai per sempre. Questo è uno di quelli.",2025-02-23 10:21:42,2025,2,True,morning,10,4,23,0.1481481481481481,Culture,CAROUSEL,False,False,False,False,False,False,False,False,False,False,False,False,False,False,False,False,False,False,False,False,False,417,0,12.666666666666666,0,0,False,False,False,0,2,1.9688541666666663,57.96030092592593,0,0,False,False,False,False,0,1,,0.0,0.0,,[],[],[],[],[],,no
18059160887297685,"Su cosa sia di preciso e come si raggiunga la felicitá sono stati versati fiumi di inchiostro, eppure è un argomento che non si esaurisce mai del tutto. Ne abbiamo parlato con @alecattelan e abbiamo anche capito che nel mondo esistono due tipi di persone: i buchi neri e le scintilline. Ascoltate la puntata e diteci chi siete. #tuttelevolteche",2025-02-24 15:03:21,2025,2,False,afternoon,15,6,16,0.2727272727272727,Community,IMAGE,True,False,False,False,False,False,False,False,False,True,False,False,False,False,False,True,True,False,False,False,False,344,0,14.75,0,0,False,False,False,0,2,1.1955902777777778,59.1558912037037,0,0,False,False,False,False,0,1,,1.0,1.0,,['alicelikeaudrey' 'alecattelan'],['2452651' '311403318'],['alicelikeaudrey'],['2452651'],[],,no
17959599653860644,"Febbraio, per me, è sempre stato blu.",2025-02-27 13:01:38,2025,2,False,afternoon,13,8,79,0.0919540229885057,Private Life,CAROUSEL,False,False,False,False,False,False,False,False,False,False,False,False,False,False,False,False,False,False,False,False,False,37,0,7.0,0,0,False,False,False,0,3,2.915474537037037,62.07136574074074,0,0,False,False,False,False,0,1,,0.0,0.0,,[],[],[],[],[],,no
18053892944327526,"Ho finito intermezzo di Sally Rooney e -mi duole dirlo- non l’ho apprezzato particolarmente.  L’ho approcciato con grande entusiasmo perchè avevo trovato sia “Persone normali” che “Parlarne tra amici” molto piacevoli, ma questo proprio non l’ho capito. L’ho trovato un esercizio di stile arzigogolato e laborioso, quasi senza storia, che si perde nella forma a discapito della sostanza. Lo stesso finale, a mio parere piuttosto citofonato, l’ho trovato sbrigativo, con una strizzatina d’occhio finale a un tema, come il poliamore, che invece poteva essere approfondito meglio e con più tempo (tempo invece sottratto per descrivere le partite di scacchi?!). Non so, io sono rimasta perplessa. Sono curiosa del vostro parere, soprattutto se vi è piaciuto, magari avete visto cose che la mia sensibilità ha trascurato.",2025-03-04 16:35:55,2025,3,False,afternoon,16,2,33,0.0571428571428571,Private Life,CAROUSEL,False,False,False,False,False,False,False,False,False,False,False,False,False,False,False,False,False,False,False,False,False,815,0,20.83333333333333,1,1,False,False,False,0,1,5.14880787037037,67.22017361111111,0,1,False,False,False,False,1,1,,0.0,0.0,,[],[],[],[],[],,no
18060691817502886,"Un larp horror, una sposa caduta in un pozzo, quattro sorelle tra le quali Ofelia e Olimpia Salviati: due gemelle splendide sorelle con qualcosa in più Terry e Maggie magic girls.",2025-03-05 12:37:31,2025,3,False,afternoon,12,6,10,0.375,Private Life,CAROUSEL,False,False,False,False,False,False,False,False,False,False,False,False,False,False,True,False,False,False,False,False,False,179,0,31.0,0,0,False,False,False,0,2,0.8344444444444444,68.05461805555555,0,2,False,True,False,False,0,1,,0.0,0.0,,['violetpar' 'mirangel30' '_eryados_'],['453713640' '4474857408' '8298858790'],[],[],[],,no
17986264412646770,Abbiamo provato a fare questo trend ma dire che non ci siamo riusciti sarebbe generoso.,2025-03-06 11:00:46,2025,3,False,morning,11,34,256,0.1172413793103448,Relatable Comedy,VIDEO_REELS,False,True,False,False,False,False,False,False,False,False,False,False,False,False,False,False,False,False,False,False,False,87,0,15.0,0,0,False,False,False,0,3,0.9328125,68.98743055555556,0,1,False,False,False,False,0,1,74.63300323486328,0.0,0.0,original_sounds,['guglielmoscilla'],['10279523'],['guglielmoscilla'],['10279523'],[],,no
17854533660395358,Un avvertimento prima di ascoltare la nuova puntata di Tutte le volte che: @pablotrincia crea dipendenza e puntata dura solo 50 minuti. Ascoltatela e immergetevi come abbiamo fatto noi. 🫶🏻,2025-03-10 11:08:33,2025,3,False,morning,11,5,21,0.1923076923076923,Podcast,IMAGE,True,False,False,False,False,False,False,False,False,False,True,False,False,False,False,True,True,False,False,False,False,187,0,14.5,0,0,True,False,False,1,3,4.005405092592593,72.99283564814814,0,3,False,False,False,False,0,1,,0.0,1.0,,['alicelikeaudrey' 'pablotrincia'],['2452651' '306807191'],['alicelikeaudrey'],['2452651'],[],,no
18156558304356826,L’hai fatta la fota?,2025-03-11 15:06:21,2025,3,False,afternoon,15,3,40,0.0697674418604651,Private Life,CAROUSEL,False,False,False,False,False,False,False,False,False,False,False,False,False,False,False,False,False,False,False,False,False,20,0,4.0,0,1,False,False,False,0,4,1.165138888888889,74.15797453703703,0,3,False,False,False,False,0,1,,0.0,0.0,,[],[],[],[],[],,no
18035816282262917,"Giovedi è finito questo tour incredibile che in 21 date ci ha fatto girare tutta l’Italia.  Sono troppi i grazie che devo dire, cercheró di essere breve.  Il primo grazie va a tutta la crew stupenda di @vivoconcerti  che in un modo strano e bellissimo, quando sei lontano da casa, diventa casa. Siete stati più di quanto sperassimo.  Il secondo grazie va alla famiglia che mi accompagna ogni giorno @heliodinardo e @beegatti e a quella di guglielmo @milady_lawyer e @graziana_tolino che è anche un po’ una mia acquisita.  Lavorare con persone così speciali e a cui vuoi così tanto bene è una fortuna che non dimentico mai.  Il terzo grazie va ai mattei, @christiantheseeker98 e @matteo.quinzi che hanno deciso di scrivere con noi questa follia, ripartirei domani e rifarei tutto con voi.  Il quarto grazie va a @guglielmoscilla: non te lo dico mai perchè di base ti odio, ma sei un punto fermo della mia vita e tutto questo senza di te non avrei neanche potuto immaginarlo.  L’ultimo grazie va a tutti e tutte voi, alfa e omega di quest’avventura stupefacente, per voi qualsiasi cosa provassi a dire non restituirebbe la gratitudine che custodisco nel cuore. A prestissimo. Vi voglio bene",2025-03-15 14:10:05,2025,3,True,afternoon,14,14,42,0.25,Theatre,CAROUSEL,False,True,False,False,False,False,False,False,False,False,False,False,False,False,False,False,True,False,False,False,False,1188,0,16.833333333333332,0,0,False,False,False,0,2,3.9609259259259257,78.11890046296297,0,0,True,True,False,False,1,1,,0.0,8.0,,"['heliodinardo' 'beegatti' 'christiantheseeker98' 'vivoconcerti'
 'sabinaganora' 'cristiano_sanzeri' 'lucapaioni' 'jackmoai' 'gianmogno'
 'filipporacioppi' 'gio.nesci' 'showreel_factory' 'marta.tussa'
 'matteo.quinzi' 'vass_motorider' 'wordsforyou_pr' 'willwooshagency']","['1587576' '49772888' '194358634' '212137953' '258391258' '288447786'
 '915205776' '1519362529' '1617688356' '1915293005' '2022906293'
 '2288459744' '5343158373' '7063561106' '8491919728' '9257259570'
 '49699938072']",[],[],[],,no
18269332669280031,"Venerdi, finalmente, arriva la primavera.",2025-03-18 17:27:18,2025,3,False,afternoon,17,6,48,0.1111111111111111,Private Life,CAROUSEL,False,False,False,False,False,False,False,False,False,False,False,False,False,False,False,False,False,False,False,False,False,41,0,5.0,0,0,False,False,False,0,1,3.1369560185185184,81.25585648148149,0,4,False,False,False,False,0,0,,0.0,0.0,,[],[],[],[],[],,no
17871187143320531,"Per molti Marco Angela, per alcuni Dottor Boniardi, per me un grande papà. ❤️",2025-03-19 12:22:27,2025,3,False,afternoon,12,10,64,0.1351351351351351,Private Life,CAROUSEL,False,False,False,False,False,False,False,False,False,False,False,False,False,False,False,False,False,False,False,False,False,76,0,13.0,0,0,True,False,False,1,2,0.7882986111111111,82.04415509259259,0,5,False,True,False,False,0,0,,0.0,0.0,,['boniardimarco'],['6312334327'],[],[],[],,no
17923499963944229,Raga non per dire ma a voi non sembra che le ruote dei carrelli dovrebbero darsi una gran calmata? Ma dove cazzo pensano di andare? Ma avete capito cosa significa andare dritte? Ma potete mettervi d’accordo e andare tutte nella stessa direzione o avete cinque anni che ognuna deve fare come ca**o le pare? Mi sembra di stare all’asilo e invece siamo al supermercato cioè chi mi vede da fuori portare il carrello come minimo pensa che ho la labirintite o che penso di essere agli autoscontri.,2025-03-21 16:25:07,2025,3,True,afternoon,16,7,53,0.1166666666666666,Reflections,CAROUSEL,False,False,False,False,False,False,False,False,False,False,False,False,False,False,False,False,False,False,False,False,False,491,0,17.6,0,4,False,False,False,0,3,2.1685185185185185,84.21267361111111,0,0,False,False,False,False,1,1,,0.0,0.0,,[],[],[],[],[],,no
18166965913329026,"Che non fosse un addio ma un arrivederci, fino ad ora, era solo una speranza. Oggi è realtà.  Ci vediamo a ottobre amici, canteremo insieme e ora sapete anche cosa, riscaldate le ugole.  Biglietti in vendita da domani alle 14:00.   ❤️",2025-03-27 14:08:42,2025,3,False,afternoon,14,10,44,0.1851851851851851,Theatre,CAROUSEL,False,True,False,False,False,False,False,False,False,False,False,False,False,False,False,False,False,False,False,False,False,233,0,10.25,0,0,True,False,False,1,1,5.905266203703704,90.11793981481482,0,1,True,False,False,False,0,0,,0.0,0.0,,['guglielmoscilla' 'vivoconcerti' 'showreel_factory'],['10279523' '212137953' '2288459744'],[],[],[],,no
18040485572614487,"Stai investendo il tuo affetto sull’obiettivo sbagliato.  Pensa quanto se lo meriterebbero di più i gomiti: non chiedono mai nulla, se ne stanno lì, screpolati, appoggiati ovunque come gli ultimi degli str0nxi senza mai lamentarsi. Da oggi in poi li chiameró GOMITINI. #freegomitini",2025-03-28 11:53:02,2025,3,True,morning,11,9,67,0.1184210526315789,Reflections,VIDEO_REELS,False,False,False,False,False,False,False,False,False,False,False,False,False,False,False,False,False,False,False,False,False,282,0,10.75,0,0,False,False,False,0,2,0.905787037037037,91.02372685185183,0,1,False,False,False,False,0,1,34.233001708984375,1.0,0.0,original_sounds,[],[],[],[],[],,no
18110164075477305,Ora legale grazie di esistere finalmente possiamo uscire da questa oscuritá da questa Gotham City ma chi la vuole ma ridateci il sole ridateci la luce ridateci i birrini e il mondo di Patty grazie 1000.,2025-03-30 15:14:00,2025,3,True,afternoon,15,9,23,0.28125,Travel,CAROUSEL,False,False,False,False,False,False,False,False,False,False,False,False,False,False,False,False,False,False,False,False,False,202,0,36.0,0,0,False,False,False,0,2,2.1395601851851853,93.16328703703704,0,0,True,True,False,False,0,1,,0.0,0.0,,['silviess' 'sabinaganora' 'est_radio' 'iampollocav'],['738222' '258391258' '302389340' '974825132'],[],[],[],,no
18034131767639706,Sai come la definisco? Adrenalina pura.  A DRE NA LI NA PU RA,2025-04-01 11:59:01,2025,4,False,morning,11,16,45,0.2622950819672131,Relatable Comedy,VIDEO_REELS,False,False,False,False,False,False,False,False,False,False,False,False,False,False,False,False,False,False,False,False,False,61,0,4.333333333333333,0,1,False,False,False,0,3,1.8645949074074075,95.02788194444445,0,1,False,False,False,False,0,1,9.366000175476074,0.0,0.0,original_sounds,[],[],[],[],[],,no
18378306802188334,Posso fare finta che non ci siamo dette nulla così non devo ragionare sul mio funzionamento? Grazie se risponderai,2025-04-03 15:38:04,2025,4,False,afternoon,15,9,48,0.1578947368421052,Private Life,VIDEO_REELS,False,False,False,False,False,False,False,False,False,False,False,False,False,False,False,False,False,False,False,False,False,114,0,9.5,0,1,False,False,False,0,3,2.1521180555555555,97.18,0,3,False,False,False,False,0,1,12.746000289916992,0.0,0.0,original_sounds,[],[],[],[],[],,no
18075027217827093,Ready to play Kaya Smith nel mio prossimo larp: questo week end saró un agente segreto e c’è qualcuno che non passerà un bel quarto d’ora.,2025-04-07 10:49:59,2025,4,False,morning,10,9,15,0.375,Private Life,CAROUSEL,False,False,False,False,False,False,False,False,False,False,False,False,False,False,False,False,False,False,False,False,False,138,0,26.0,0,0,False,False,False,0,2,3.79994212962963,100.97994212962963,0,4,False,False,False,False,0,0,,0.0,0.0,,[],[],[],[],[],,no
18083641861650008,Raga mi confermate che chi alla domanda “il tuo punto forte” risponde la simpatia non è davvero simpatico perchè poteva trovare una risposta più simpatica? O so matta io?,2025-04-09 16:37:09,2025,4,False,afternoon,16,15,38,0.2830188679245283,Private Life,CAROUSEL,False,False,False,False,False,False,False,False,False,False,False,False,False,False,False,False,False,False,False,False,False,170,0,14.5,0,2,False,False,False,0,2,2.241087962962963,103.2210300925926,0,4,False,False,False,False,0,1,,0.0,0.0,,[],[],[],[],[],,no
18037224866283218,Si intitola: la prossima volta che mi viene in mente di fare un pavimento a scacchi legatemi i polsi ed esiliatemi a Sant’Elena. Olio su tela.,2025-04-14 13:46:33,2025,4,False,afternoon,13,40,360,0.1,Private Life,VIDEO_REELS,False,False,False,False,False,False,False,False,False,False,False,False,False,False,False,False,False,False,False,False,False,142,0,13.0,0,0,False,False,False,0,1,4.8815277777777775,108.10255787037038,0,5,False,False,False,False,0,1,83.13300323486328,0.0,0.0,licensed_music,[],[],[],[],[],,no
18189081043308302,"Sono stata Ofelia Salviati in un larp horror: ho gridato molto, pianto di commozione e preso bottiglie di vino da una cantina infestata. Tutto bellissimo, non ci vivrei di notte. Grazie @_eryados_",2025-04-17 15:50:48,2025,4,False,afternoon,15,3,11,0.2142857142857142,Private Life,CAROUSEL,False,False,False,False,False,False,False,False,False,False,False,False,False,False,True,False,True,False,False,False,False,196,0,10.666666666666666,0,0,False,False,False,0,1,3.086284722222222,111.1888425925926,0,5,False,False,False,False,0,0,,0.0,1.0,,['_eryados_'],['8298858790'],[],[],[],,no
17886792906252207,Choose your fighter:,2025-04-21 10:03:09,2025,4,False,morning,10,3,31,0.088235294117647,Private Life,CAROUSEL,False,False,False,False,False,False,False,False,False,False,False,False,False,False,False,False,False,False,False,False,False,20,0,3.0,0,0,False,False,False,0,2,3.758576388888889,114.94741898148148,0,5,False,False,False,False,0,1,,0.0,0.0,,[],[],[],[],[],,no
17953055990947227,Esiste davvero un manuale universalmente valido per conquistare qualcuno che ci piace? Manuale di caccia e pesca per ragazze prova a rispondere alla domanda.  Voi lo avete letto? Che dite?,2025-04-23 11:41:53,2025,4,False,morning,11,1,28,0.0344827586206896,Culture,VIDEO_REELS,False,False,False,False,False,False,False,False,False,False,False,False,False,False,False,False,False,False,False,False,False,188,0,7.5,0,3,False,False,False,0,2,2.068564814814815,117.0159837962963,0,0,False,False,False,False,1,0,64.55000305175781,0.0,0.0,original_sounds,[],[],[],[],[],,no
18034941488327888,"Marco Boniardi per tutti Marco Angela per i fansi Marcone nazionale per gli storici Dottor Boniardi per alcuni Comunque sempre nato il 26 aprile, ieri.  Buon compleanno papi, scalatore di vette e mastro botanico.",2025-04-27 11:23:36,2025,4,True,morning,11,7,20,0.2592592592592592,Private Life,CAROUSEL,False,False,False,False,False,False,False,False,False,False,False,False,False,False,False,False,False,False,False,False,False,212,0,17.0,0,0,False,False,False,0,2,3.987303240740741,121.00328703703704,0,6,False,False,False,False,0,1,,0.0,0.0,,[],[],[],[],[],,no
18125890204428996,Nuovo video ASMR o ASRT che sarà un po’ il commento che mi riserveranno i misofonici a fine visione.,2025-04-29 11:24:56,2025,4,False,morning,11,12,175,0.0641711229946524,Community,VIDEO_REELS,False,False,False,False,False,False,False,False,False,False,False,False,False,False,False,False,False,False,False,False,False,100,0,19.0,0,0,False,False,False,0,2,2.0009259259259258,123.00421296296297,0,0,False,False,False,False,0,1,90.16600036621094,0.0,0.0,original_sounds,[],[],[],[],[],,no
18066813832952133,"Finito questo, molto interessante.  Anni fa lessi anche Modernità liquida, quando tenni il mio TedX, anche quello da recuperare se vi manca.  Non sono mai stata troppo da saggi, peró se ne avete qualcuno particolarmente consigliato, scrivetemelo qui.  (Niente cose sulla mindfulness pls).",2025-04-30 10:39:17,2025,4,False,morning,10,4,47,0.0784313725490196,Relatable Comedy,CAROUSEL,False,False,False,False,False,False,False,False,False,False,False,False,False,False,False,False,False,False,False,False,False,288,0,10.75,0,0,False,False,False,0,3,0.9682986111111112,123.97251157407408,0,1,False,False,False,False,1,1,,0.0,0.0,,[],[],[],[],[],,no
18493415857054171,Se una notte di primavera un profumatore:,2025-05-03 13:38:19,2025,5,True,afternoon,13,30,425,0.0659340659340659,Relatable Comedy,VIDEO_REELS,False,False,False,False,False,False,False,False,False,False,False,False,False,False,False,False,False,False,False,False,False,41,0,7.0,0,0,False,False,False,0,3,3.1243287037037035,127.09684027777776,0,1,False,False,False,False,0,1,242.947998046875,0.0,0.0,original_sounds,[],[],[],[],[],,no
18039408275538310,"Sono le 16:30, sei appena uscita da scuola, hai accesso la tv su Bim Bum Bam, sei felice e lo sai.  @heydudeitaly #unlikeanything #adv",2025-05-06 10:43:33,2025,5,False,morning,10,20,40,0.3333333333333333,Beauty & Fashion,VIDEO_REELS,False,False,False,True,False,False,False,False,False,False,False,False,False,False,False,False,True,True,False,False,False,134,0,12.5,0,0,False,False,False,0,3,2.87863425925926,129.97547453703703,0,0,False,False,False,False,0,1,59.7599983215332,2.0,1.0,original_sounds,['claudiodibiagio'],['5160149'],[],[],[],,no
18059363107921539,"Una cosa che voglio fare: tagliare la cima di tutte le calze. Non sopporto le cose che stringono: gli elastici, le cinture, le code gellate, gli orologi, i colli alti; i colli alti non li sopporto. Oggi ho tagliato la cima di un paio di calze, prima mi sono sentita in colpa, le ho rovinate, ho pensato. Poi quando le ho messe, comode comode, che stavano lì anche senza aggrapparsi, senza costringere, mi son sentita proprio bene, ah come mi sono sentita bene.",2025-05-09 11:59:44,2025,5,True,morning,11,13,82,0.1368421052631579,Reflections,CAROUSEL,False,False,False,False,False,False,False,False,False,False,False,False,False,False,False,False,False,False,False,False,False,460,0,20.75,0,0,False,False,False,0,2,3.0529050925925927,3.0529050925925927,1,0,False,False,False,False,0,0,,0.0,0.0,,[],[],[],[],[],,no
18004201658771739,"Auguri mammina, grazie per tante cose ma soprattutto per i tuoi bei maglioni che ora sono diventati miei❤️ tvb",2025-05-11 09:08:01,2025,5,True,morning,9,3,15,0.1666666666666666,Beauty & Fashion,CAROUSEL,False,False,False,False,False,False,False,False,False,False,False,False,False,False,False,False,False,False,False,False,False,109,0,19.0,0,0,True,False,False,1,2,1.8807523148148149,4.933657407407408,1,1,False,False,False,False,0,0,,0.0,0.0,,[],[],[],[],[],,no
18061973351108959,"Ho voluto bene a Kaya Smith, coordinatrice del BAD -Boureax of Anomaly Detection- ma tutta la sua lore da spietata ex agente della CIA credo sia andata in vacca quando una creatura liminale cannibale l’ha afferrata per le caviglie trasformandola in una versione più simile a Giorgio Pasotti in distretto di polizia, ma a fine carriera.",2025-05-12 10:46:12,2025,5,False,morning,10,5,16,0.238095238095238,Relatable Comedy,CAROUSEL,False,False,False,False,False,False,False,False,False,False,False,False,False,False,True,False,False,False,False,False,False,335,0,56.0,0,0,False,False,False,0,3,1.0681828703703704,6.001840277777778,1,2,False,False,False,False,0,1,,0.0,0.0,,['_eryados_'],['8298858790'],[],[],[],,no
18313584226231180,Sbloccata nuova personalità: parcheggiatore abusivo.  Si vede che è la settimana dei gemelli.,2025-05-14 12:51:16,2025,5,False,afternoon,12,7,17,0.2916666666666667,Private Life,CAROUSEL,False,False,False,False,False,False,False,False,False,False,False,False,False,False,False,False,False,False,False,False,False,93,0,6.5,0,0,False,False,False,0,3,2.086851851851852,8.08869212962963,1,2,False,False,False,False,0,1,,0.0,0.0,,[],[],[],[],[],,no
18140494018360932,"Ci siamo sempre dette che un giorno saremmo andate a New York insieme. Quando lo abbiamo sognato, peró, ci eravamo immaginate a taglia naturale, mangiucchiando un donut. Invece eccoci qui, enormi, in Times Square. Uau.  Grazie @amazonmusicit",2025-05-16 16:04:12,2025,5,True,afternoon,16,13,44,0.2280701754385964,Food,CAROUSEL,True,False,False,False,False,False,False,False,False,False,False,False,False,False,False,False,True,False,False,False,False,241,0,7.4,0,0,False,False,False,0,3,2.1339814814814817,10.22267361111111,1,0,True,False,False,False,0,1,,0.0,1.0,,['alicelikeaudrey' 'onepodcast_' 'showreel_factory'],['2452651' '436646772' '2288459744'],['alicelikeaudrey'],['2452651'],[],,no
17915736785995951,"Trovatemi una sigla piú iconica, se ce la fate.",2025-05-19 10:56:16,2025,5,False,morning,10,33,249,0.1170212765957446,Relatable Comedy,VIDEO_REELS,False,False,False,False,False,False,False,False,False,False,False,False,False,False,False,False,False,False,False,False,False,47,0,9.0,0,0,False,False,False,0,2,2.786157407407408,13.00883101851852,1,3,False,False,False,False,0,1,52.400001525878906,0.0,0.0,original_sounds,[],[],[],[],[],,no
17885400039272884,"Da ottobre ripartiremo col nostro spettacolo Avanguardia Pura e se volete capire il motivo di questa colonna sonora ispirata alle variazioni classiche di Chopin, dovete venire a teatro.  Musiche: Ennio Morricone Testo: Fabrizio de Andrè Regia: Lars von Trier",2025-05-21 09:13:28,2025,5,False,morning,9,7,33,0.175,Theatre,VIDEO_REELS,False,True,False,False,False,False,False,False,False,False,False,False,False,False,False,False,False,False,False,False,False,258,0,19.5,0,0,False,False,False,0,3,1.928611111111111,14.93744212962963,1,0,True,False,False,False,0,1,67.1729965209961,0.0,0.0,original_sounds,['guglielmoscilla' 'vivoconcerti'],['10279523' '212137953'],['guglielmoscilla'],['10279523'],[],,no
17907296538140288,"Io a maggio ho imparato che: - nel terzo tempo si possono fare al massimo due passi - più le persone sono risolte e più aprono porte e più sanno risolvere le cose dietro le porte che hanno appena aperto - se oggi il Napoli vince, l’Inter puó anche cantare Defying Gravity mentre segna ma comunque sará per l’anno prossimo (l’anno prossimo? Lo scudetto si gioca ogni anno? Cos’è lo scudetto? Sono cose che ancora devo imparare)  - se fate il rewatch di Streghe non troverete la sigla originale perchè probabilmente non hanno concesso i diritti, una brutta storia - si possono leggere 4 libri in contemporanea e finirli tutti e 4 - anche questo mese ho riassaggiato le uova e mi fanno orrore  Voi cosa avete imparato? Risp sinc no perditempo",2025-05-23 11:50:58,2025,5,True,morning,11,29,75,0.2788461538461538,Culture,CAROUSEL,True,False,False,False,False,False,False,False,False,False,False,False,False,False,True,False,False,False,False,False,False,739,0,25.2,0,4,False,False,False,0,3,2.109375,17.04681712962963,1,0,True,False,True,False,1,1,,0.0,0.0,,['stazzitta' 'alicelikeaudrey' 'andrea_laszlo_de_simone' 'italybares'],['224896' '2452651' '4144464691' '17371430950'],[],[],[],,no
18143939398381048,"Nino Pedretti dice: “le strade sono tutte di Mazzini, di Garibaldi, son dei papi, di quelli che scrivono, che dan dei comandi, che fan la guerra. mai che ti capiti di vedere via di uno che faceva i berretti via di uno che stava sotto un ciliegio via di uno che non ha fatto niente perché andava a spasso sopra una cavalla.  E pensare che il mondo è fatto di gente come me che mangia il radicchio alla finestra contenta di stare, d’estate, a piedi nudi”. E a me piace molto.",2025-05-26 13:43:11,2025,5,False,afternoon,13,26,118,0.1805555555555555,Travel,VIDEO_REELS,False,False,False,False,False,False,False,False,False,False,False,False,False,False,False,False,False,False,False,False,False,473,0,22.75,0,0,False,False,False,0,2,3.0779282407407407,20.12474537037037,1,0,False,False,False,False,0,0,67.4749984741211,0.0,0.0,licensed_music,[],[],[],[],[],,no
18086351434656688,"ma perchè quando si risponde al telefono si dice pronto? Cioè se uno ti chiama è ovvio che è pronto (cosí come se uno risponde) se no ti avrebbe chiamato in un alto momento (o non avrebbe risposto); se cosí non fosse potrebbe svolgersi una conversazione tipo “pronto scusa non sono pronto” “No ma figurati manco io, è buffo perchè ho chiamato io ma mi servono altri 5 minuti, dai ti richiamo”. Non so secondo me dovremmo cambiare modo di rispondere al telefono ecco tutto.",2025-05-28 11:18:12,2025,5,False,morning,11,9,34,0.2093023255813953,Private Life,CAROUSEL,False,False,False,False,True,True,False,False,False,False,False,False,False,False,True,False,False,False,False,False,False,472,0,28.33333333333333,0,1,False,False,False,0,2,1.8993171296296296,22.0240625,1,1,False,False,False,False,0,1,,0.0,0.0,,['roccotnl' 'lollobarollo1'],['186430920' '434157595'],[],[],[],,no
18300802456168480,"A maggio ho letto tre libri.  Uno mi è piaciuto cosí cosí, ma è stato importante per capire alcune cose.  Uno mi è piaciuto molto e ve ne parlerò a breve.  Questo, invece, mi è piaciuto moltissimo e se cercate qualcosa che riesca a farvi ridere pur facendovi piangere, Holden fa al caso vostro.  Caulfield, mi mancherai.",2025-05-31 09:53:06,2025,5,True,morning,9,5,47,0.0961538461538461,Culture,CAROUSEL,False,False,False,False,False,False,False,False,False,False,False,False,False,False,False,False,False,False,False,False,False,320,0,11.4,0,0,False,False,False,0,2,2.9409027777777776,24.96496527777778,1,1,False,False,False,False,0,0,,0.0,0.0,,[],[],[],[],[],,no
18456523867077975,Nata per essere Ballerina Sprizettina Costretta a essere camioc :(,2025-06-01 10:37:14,2025,6,True,morning,10,8,12,0.4,Private Life,CAROUSEL,False,False,False,False,False,False,False,False,False,False,False,False,False,False,False,False,False,False,False,False,False,66,0,9.0,0,0,False,False,False,0,3,1.0306481481481482,25.995613425925924,1,2,False,False,False,False,0,1,,0.0,0.0,,[],[],[],[],[],,no
18027853526691244,Cosa succede se due persone con il 2% di words of affirmation nel love language si chiamano per dirsi ti voglio bene? Un esperimento sociale.,2025-06-05 10:17:46,2025,6,False,morning,10,31,187,0.1422018348623853,Private Life,VIDEO_REELS,False,True,False,True,False,False,False,False,False,False,False,False,False,False,False,False,False,False,False,False,False,141,0,12.5,0,1,False,False,False,0,2,3.986481481481481,29.982094907407408,1,3,False,False,False,False,0,1,85.16600036621094,0.0,0.0,original_sounds,['claudiodibiagio' 'guglielmoscilla'],['5160149' '10279523'],[],[],[],,no
18040968239296200,Due cose: andate a votare e non mandate questi messaggi alle persone ansiose. Grazie 1000,2025-06-08 11:52:53,2025,6,True,morning,11,32,140,0.1860465116279069,Private Life,VIDEO_REELS,False,False,False,False,False,False,False,False,False,False,False,False,False,False,False,False,False,False,False,False,False,89,0,7.5,0,0,False,False,False,0,1,3.066053240740741,33.04814814814815,0,4,False,False,False,False,0,1,171.89999389648438,0.0,0.0,original_sounds,[],[],[],[],[],,no
17968481522908869,"Questa è la mia Tier list sulle cose stressanti che possono accumularsi nel corso della giornata, in questa performance di endurance che si chiama vita. Sono curiosa di sapere come sarebbe la vostra. Let me know  Gli integratori non vanno intesi come sostituti di un’alimentazione varia ed equilibrata e di un corretto stile di vita. Integratore alimentare. Leggere le avvertenze  #StressMageddon #SupradynRicaricaNoStress #adv @supradyn_italia",2025-06-10 14:27:10,2025,6,False,afternoon,14,8,16,0.3333333333333333,Games,VIDEO_REELS,False,False,False,False,False,False,False,False,False,False,False,False,False,False,False,False,True,True,False,False,False,444,0,12.8,0,0,False,False,False,0,2,2.107141203703704,35.15528935185185,0,0,False,False,False,False,1,1,147.33299255371094,3.0,1.0,original_sounds,[],[],[],[],[],,no
17946493395004171,"Uno dei miei libri preferiti, che secondo me è un erbolario d’amore, si intitola Frammenti di un discorso amoroso, di Roland Barthes. Ritrovarlo nell’esergo di questo libro mi ha rassicurato sul fatto che mi sarebbe piaciuto, e infatti.",2025-06-12 11:29:17,2025,6,False,morning,11,3,18,0.1428571428571428,Culture,CAROUSEL,False,False,False,False,False,False,False,False,False,False,False,False,False,False,False,False,False,False,False,False,False,236,0,19.0,0,0,False,False,False,0,2,1.876469907407408,1.876469907407408,1,2,False,False,False,False,0,0,,0.0,0.0,,[],[],[],[],[],,no
17849241132483233,E voi per cosa siete fiere di voi stesse?  Siatelo sempre mi racc,2025-06-13 13:34:56,2025,6,True,afternoon,13,30,96,0.238095238095238,Relatable Comedy,VIDEO_REELS,False,False,False,False,False,False,False,False,False,False,False,False,False,False,False,False,False,False,False,False,False,65,0,6.5,0,1,False,False,False,0,3,1.0872569444444444,2.963726851851852,1,0,False,False,False,False,1,1,44.88199996948242,0.0,0.0,original_sounds,[],[],[],[],[],,no
18048822554156407,"Il linguaggio è una pelle: io sfrego il mio linguaggio contro l’altro. È come se avessi delle parole a mo’ di dita, o delle dita sulla punta delle mie parole.",2025-06-18 10:28:22,2025,6,False,morning,10,28,75,0.2718446601941747,Private Life,VIDEO_REELS,False,False,False,False,False,False,False,False,False,False,False,False,False,False,False,False,False,False,False,False,False,158,0,15.0,0,0,False,False,False,0,2,4.870439814814815,7.834166666666666,1,4,False,False,False,False,0,0,75.60199737548828,0.0,0.0,licensed_music,[],[],[],[],[],,no
18144232630398599,"Dal 19 maggio al 19 giugno a me sembra che siano passati 5 anni tre mesi e due giorni, sospiro piú sospiro meno.",2025-06-19 14:25:09,2025,6,False,afternoon,14,10,15,0.4,Private Life,CAROUSEL,False,False,False,False,False,True,False,False,False,False,False,False,False,False,True,False,False,False,False,False,False,112,0,23.0,0,0,False,False,False,0,2,1.1644328703703704,8.998599537037038,1,5,False,True,False,False,0,1,,0.0,0.0,,['lollobarollo1' 'iampollocav'],['434157595' '974825132'],[],[],[],Pesci che quando dormono non pigliano persone,fake
18103148485558529,"La mia cosa preferita del mio compleanno è guardare come sono belle le persone a cui voglio bene, che voi in queste foto non le vedete mica ma sono belle bellissime tutte da strapazzare.",2025-06-21 13:09:12,2025,6,True,afternoon,13,48,117,0.2909090909090909,Community,CAROUSEL,False,False,False,False,False,False,False,False,False,False,False,False,False,False,False,False,False,False,False,False,False,186,0,34.0,0,0,False,False,False,0,2,1.9472569444444443,10.94585648148148,1,0,False,False,False,False,1,0,,0.0,0.0,,[],[],[],[],[],Belli bellissimi,fake
18131560441428886,"Voglio sapere da voi quali sono le cose che è assurdo non siano state ancora inventate, ecco le mie.   @viledaitalia #ViledaH2PrO #Time2PrOgress #adv",2025-06-25 10:13:21,2025,6,False,morning,10,22,259,0.0782918149466192,Other,VIDEO_REELS,False,False,False,False,False,False,False,False,False,False,False,False,False,False,False,False,True,True,False,False,False,149,0,11.5,0,0,False,False,False,0,3,3.877881944444444,14.823738425925926,1,0,False,False,False,False,1,1,125.71099853515624,3.0,1.0,original_sounds,[],[],[],[],[],,no
17852321232437683,Queste le mie pagelle delle corsie del supermercato ditemi voi se siete d’accordo se no rifaccio scrutini.,2025-06-26 11:27:44,2025,6,False,morning,11,18,73,0.1978021978021978,Relatable Comedy,VIDEO_REELS,False,False,False,False,False,False,False,False,False,False,False,False,False,False,False,False,False,False,False,False,False,106,0,17.0,0,0,False,False,False,0,3,1.0516550925925925,1.0516550925925925,2,1,False,False,False,False,1,1,89.76599884033203,0.0,0.0,original_sounds,[],[],[],[],[],,no
17878359549240946,Se cerchi un profumo per conquistare qualcuno ho una cosa da dirti. Risp sul mio.   @RogerGallet #adv #RogerGallet #VanilleSoleil #DistilliamoFelicità,2025-06-27 12:20:48,2025,6,True,afternoon,12,10,107,0.0854700854700854,Beauty & Fashion,VIDEO_REELS,False,False,False,False,False,False,False,False,False,False,False,False,False,False,False,False,True,True,False,False,False,150,0,6.666666666666667,0,0,False,False,False,0,3,1.036851851851852,2.0885069444444446,2,0,False,False,False,False,1,1,68.73300170898438,4.0,1.0,original_sounds,[],[],[],[],[],,no
18101809816492493,"Servizio pubbliko, buon week end.",2025-06-28 10:04:50,2025,6,True,morning,10,62,699,0.0814717477003942,Relatable Comedy,VIDEO_REELS,False,False,False,False,False,False,False,False,False,False,False,False,False,False,False,False,False,False,False,False,False,33,0,5.0,0,0,False,False,False,0,4,0.9055787037037036,0.9055787037037036,3,2,False,False,False,False,0,1,170.26600646972656,0.0,0.0,original_sounds,[],[],[],[],[],,no
18413638279099079,"Cose che mi piacciono molto in ordine sparso: gli occhi di quando si hanno sei anni, il giallo, Eugenio, i miei amici, i daifuku alla fragola, dire che purtroppo non ci sono perchè devo stare a casa a vedere un film.",2025-07-02 11:22:18,2025,7,False,morning,11,11,17,0.3928571428571428,Private Life,CAROUSEL,False,True,False,True,False,False,False,False,False,False,False,False,False,False,False,False,False,False,False,False,False,216,0,41.0,0,0,False,False,False,0,3,4.053796296296296,4.959375,3,2,False,False,False,False,0,0,,0.0,0.0,,['claudiodibiagio' 'guglielmoscilla'],['5160149' '10279523'],[],[],[],,no
18050338697428535,Ecco come secondo me si comporterebbero i vari nomi se sopravvivessero a un’apocalisse zombie.  Se invece volete vedere come si comportano i veri protagonisti di The Walking Dead potete farlo su @nowtvit!  #TheWalkingDeadUniverse #TheWalkingDeadDarylDixon #adv,2025-07-04 10:05:41,2025,7,True,morning,10,22,97,0.1848739495798319,Cinema & TV,VIDEO_REELS,False,False,False,False,False,False,False,False,False,False,False,False,False,False,False,False,True,True,False,False,False,260,0,11.666666666666666,1,0,False,False,False,0,3,1.9467939814814808,6.906168981481481,3,0,True,False,False,False,0,1,100.91200256347656,3.0,1.0,original_sounds,['nowtvit'],['3413410025'],['nowtvit'],['3413410025'],[],,no
18098875822511654,Una buona settimana cuccioli la mia partita alla grande ✨,2025-07-07 11:41:22,2025,7,False,morning,11,13,31,0.2954545454545454,Private Life,VIDEO_REELS,False,False,False,False,False,False,False,False,False,False,False,False,False,False,False,False,False,False,False,False,False,57,0,9.0,0,0,False,False,True,1,2,3.0664467592592595,3.0664467592592595,4,3,False,False,False,False,0,0,5.873000144958496,0.0,0.0,original_sounds,[],[],[],[],[],,no
18131096374437194,"Domani parto per la Puglia con Giorgio ed Eugenio, se non mi sentite più non vi preoccupate sto solo facendo un ritiro spirituale con orecchiette e burrata. Ricordatemi così:",2025-07-11 11:13:49,2025,7,True,morning,11,32,94,0.2539682539682539,Travel,CAROUSEL,False,False,False,False,False,False,False,False,False,False,False,False,False,False,False,False,False,False,False,False,False,174,0,14.5,0,0,False,False,False,0,1,3.9808680555555553,7.047314814814815,3,0,False,True,True,False,0,1,,0.0,0.0,,['silviagianatti' 'iampollocav' 'tamangox3'],['9105049' '974825132' '34474023623'],[],[],[],,no
18085916707706273,"Tutto bellissimo, siamo felici, viva i bocconotti.",2025-07-14 10:36:44,2025,7,False,morning,10,20,61,0.2469135802469135,Private Life,CAROUSEL,False,True,False,True,False,False,False,False,False,False,False,False,False,False,False,False,False,False,False,False,False,50,0,7.0,0,0,False,False,False,0,2,2.974247685185185,10.0215625,3,3,False,False,False,False,0,0,,0.0,0.0,,['claudiodibiagio' 'guglielmoscilla'],['5160149' '10279523'],[],[],[],,no
17861507013440902,Se quando parte cinque giorni non la canti così forse non possiamo essere amici. (Il finale di questo video è tutto).,2025-07-15 13:37:31,2025,7,False,afternoon,13,53,173,0.2345132743362832,Private Life,VIDEO_REELS,False,True,False,True,False,False,False,False,False,False,False,False,False,False,False,False,False,False,False,False,False,117,0,10.5,0,0,False,False,False,0,2,1.1255439814814814,11.14710648148148,3,3,False,False,True,False,0,1,85.66600036621094,0.0,0.0,original_sounds,['claudiodibiagio' 'guglielmoscilla' 'michelezarrilloofficial'],['5160149' '10279523' '3096616536'],[],[],[],,no
18047390399632121,Questa mattina ho trovato una nota sul telefono che è molto vecchia e recita: ricordarti il dinosauro gigante. Non so cosa volessi dire e non credo di essermi poi ricordata del dinosauro gigante ma secondo me è stato un bel giorno se quella era la cosa che assolutamente non dovevo dimenticare.,2025-07-16 13:34:21,2025,7,False,afternoon,13,10,40,0.2,Private Life,CAROUSEL,False,False,False,False,False,False,False,False,False,False,False,False,False,False,False,False,False,False,False,False,False,294,0,25.5,0,0,False,False,False,0,3,0.997800925925926,12.144907407407407,3,4,False,False,False,False,0,1,,0.0,0.0,,[],[],[],[],[],,no
18069952487041566,Questa vacanza è finita ma sapete cosa non finsce mai? il divertimento e sapete dove lo ritroverete? a teatro da ottobre trovate il link dei biglietti in bio e le primizie da valigiamo.,2025-07-19 12:25:41,2025,7,True,afternoon,12,23,61,0.2738095238095238,Theatre,VIDEO_REELS,False,True,False,True,False,False,False,False,False,False,False,False,False,False,False,False,False,False,False,False,False,185,0,11.0,0,2,False,False,False,0,3,2.9523148148148146,15.09722222222222,3,0,False,False,False,False,0,1,178.0330047607422,0.0,0.0,original_sounds,['claudiodibiagio' 'guglielmoscilla'],['5160149' '10279523'],['guglielmoscilla'],['10279523'],[],,no
18053637761456729,"Nuovo decluttering nuovi capi su @vinted perchè la regola è: se vedo che qualcosa lo uso pochissimo vuol dire che non lo sto sfruttando abbastanza e vale la pena dargli un nuovo custode.  Su Vinted, dove ho caricato questi e altri capi, mi trovate come camihawke ma anche nella vita comunque se dite camioc io mi giro.   #vinted #adv”",2025-07-21 12:53:02,2025,7,False,afternoon,12,15,40,0.2727272727272727,Beauty & Fashion,VIDEO_REELS,False,False,False,False,False,False,False,False,False,False,False,False,False,False,False,False,True,True,False,False,False,334,0,19.666666666666668,0,0,False,False,False,0,3,2.018993055555556,17.116215277777776,3,1,False,False,False,False,0,1,42.46900177001953,2.0,1.0,original_sounds,[],[],[],[],[],,no
18025627967707139,"Unpublished from Puglia + una domanda che mi sono fatta questa notte: se la gomma da masticare si chiama così perchè effettivamente ció che mastichi è la gomma stessa, perchè la gomma da cancellare si chiama così se il suo obiettivo non è cancellarsi essa stessa ma cancellare le cose altre?  Grazie se risponderete",2025-07-23 11:13:13,2025,7,False,morning,11,29,80,0.2660550458715596,Private Life,CAROUSEL,False,False,False,False,False,False,False,False,False,False,False,False,False,False,False,False,False,False,False,False,False,315,0,26.5,0,1,False,False,False,0,3,1.9306828703703705,1.9306828703703705,4,5,False,False,False,False,1,1,,0.0,0.0,,[],[],[],[],[],,no
17886117099199945,"Guardare il proprio dolore e le proprie ferite non piace a nessuno: è faticoso, disorientante e spesso luttuoso. Questo libro mi è stato regalato da un’amica, tempo fa, ho aspettato a leggerlo perchè sentivo che non era ancora il momento. Ora che l’ho finito sono contenta perchè mi sembra che dentro ci ho trovato quello che poi provo a fare tutti i giorni, accudire ed essere accudita da ció che di me ha più contezza del come, volteggiando, sono arrivata fino a qui.",2025-07-24 10:30:51,2025,7,False,morning,10,6,19,0.24,Culture,CAROUSEL,False,False,False,False,False,False,False,False,False,False,False,False,False,False,False,False,False,False,False,False,False,469,0,27.666666666666668,0,0,False,False,False,0,3,0.9705787037037036,2.901261574074074,4,0,False,False,False,False,0,0,,0.0,0.0,,[],[],[],[],[],,no
18070509044103273,"Trovatemi una maglietta piú iconica, se ce la fate, e poi ditemi chi eravate delle tre e perchè proprio Phoebe.",2025-07-27 16:03:47,2025,7,True,afternoon,16,42,356,0.1055276381909547,Private Life,CAROUSEL,False,False,False,False,False,False,False,False,False,False,False,False,False,False,False,False,False,False,False,False,False,111,0,20.0,0,0,False,False,False,0,3,3.231203703703704,6.1324652777777775,2,5,False,False,False,False,1,1,,0.0,0.0,,[],[],[],[],[],,no
18538772584032593,"Bagnetti, focacce, prendere il sole, arancin*, ripetere x12.",2025-07-29 16:56:25,2025,7,False,afternoon,16,26,64,0.2888888888888888,Travel,CAROUSEL,False,False,False,False,False,False,False,False,False,False,False,False,False,False,False,False,False,False,False,False,False,60,0,8.0,0,0,False,False,False,0,3,2.036550925925926,8.169016203703704,2,1,False,False,False,False,0,0,,0.0,0.0,,[],[],[],[],[],,no
17845001721536793,Quanti caffè leccesi si possono bere al giorno senza avere effetti collaterali indesiderati e non mi riferisco all’insonnia. Grazie 1k se risponderete,2025-07-30 14:37:27,2025,7,False,afternoon,14,21,103,0.1693548387096774,Food,CAROUSEL,False,False,False,False,False,False,False,False,False,False,False,False,False,False,False,False,False,False,False,False,False,150,0,11.0,0,0,False,False,False,0,3,0.9034953703703704,9.072511574074074,2,0,False,False,False,False,1,1,,0.0,0.0,,[],[],[],[],[],,no
18074002304059050,Pick up your fav e scegli un titolo.  Inizio io: num. 9 si chiama “e che si fa? Che devo fare?”,2025-08-01 12:46:37,2025,8,True,afternoon,12,29,67,0.3020833333333333,Private Life,CAROUSEL,False,False,False,False,False,False,False,False,False,False,False,False,False,False,False,False,False,False,False,False,False,95,0,5.25,0,2,False,False,False,0,3,1.923032407407408,10.99554398148148,2,5,False,False,False,False,1,1,,0.0,0.0,,[],[],[],[],[],,no
17940004052916001,"La prima foto serve solo per chi scrolla rapidamente.  A chi è rimasto a vedere le altre intanto dico grazie, dopo chiedo scusa e poi domando: onestamente cosa mi manca per aprire una rubrica dove mi tuffo come si tufferebbero le cose?  Attendo richieste degli oggetti da eseguire nei commenti.",2025-08-07 12:05:01,2025,8,False,afternoon,12,35,108,0.2447552447552447,Community,CAROUSEL,False,False,False,False,False,False,False,False,False,False,False,False,False,False,False,False,False,False,False,False,False,294,0,16.666666666666668,0,1,False,False,False,0,1,5.971111111111111,16.966655092592593,1,0,False,False,False,False,1,1,,0.0,0.0,,[],[],[],[],[],Bei Tuffi,fake
17975325605917148,"Parole belle, persone belle, canzoni belle.  Mi consigliate dei bei dischi da ascoltare che domani ho un viaggio lunghissimo?",2025-08-10 12:04:53,2025,8,True,afternoon,12,21,52,0.2876712328767123,Travel,CAROUSEL,False,False,False,True,False,False,False,False,False,False,False,False,False,False,False,False,False,False,False,False,False,125,0,9.5,0,1,False,False,False,0,1,2.9999074074074072,19.9665625,1,1,False,True,True,False,1,0,,0.0,0.0,,"['claudiodibiagio' 'mr_vinc_13' 'mery_mirra' 'simonemelissano'
 'annalauralezzi']",['5160149' '37018089' '50386743' '344723206' '1805788711'],[],[],[],,no
18082549288851342,Viste: 4 stelle cadenti Spruzzini di lava Pescetti simpatici Mare di notte Luna rossissima  Stromboli tvb,2025-08-13 10:57:34,2025,8,False,morning,10,18,57,0.24,Travel,CAROUSEL,False,False,False,False,False,False,False,False,False,False,False,False,False,False,False,False,False,False,False,False,False,105,0,16.0,0,0,False,False,False,0,2,2.953252314814814,22.919814814814814,1,2,False,False,False,False,0,0,,0.0,0.0,,[],[],[],[],[],Isola di Stromboli,real
17970561830779871,Allora ieri notte ci siamo chiesti come facessero a svegliarsi prima delle sveglie e abbiamo scoperto che esisteva una figura specifica deputata a questo servizio ovvero il knocker-up: praticamente il bro andava di finestra in finestra a svegliare le persone bussando con un bastone di bambù oppure lanciando piselli secchi con la cerbottana. Ma come tutti sappiamo da nuove risposte nascono nuove domande e quindi il punto è: chi svegliava il bro che doveva svegliare tutti? È nato prima il bro o la gallina? Esistono ancora le mezze stagioni? Etc etc,2025-08-15 09:54:29,2025,8,True,morning,9,10,18,0.3571428571428571,Private Life,CAROUSEL,False,False,False,False,True,True,False,False,False,False,False,False,False,False,True,False,False,False,False,False,False,552,0,18.4,0,3,False,False,False,0,2,1.9561921296296296,24.876006944444445,1,3,False,False,False,False,0,1,,0.0,0.0,,['roccotnl' 'lollobarollo1' 'nobadwavez'],['186430920' '434157595' '819775895'],[],[],[],Isola di Stromboli,real
18038904533411435,Nei rullini che sviluppo dopo tempo ci sono sempre le mie persone preferite e ritrovarle è sempre bello bellissimo.,2025-08-21 14:31:32,2025,8,False,afternoon,14,10,10,0.5,Private Life,CAROUSEL,True,True,False,True,True,True,False,False,False,False,False,False,False,False,True,False,False,False,False,False,False,115,0,19.0,0,0,False,False,False,0,1,6.192395833333333,31.068402777777777,0,4,False,True,True,False,0,0,,0.0,0.0,,"['marzers' 'silviess' 'alicelikeaudrey' 'claudiodibiagio'
 'guglielmoscilla' 'mr_vinc_13' 'mery_mirra' 'roccotnl' 'boootz1'
 'simonemelissano' 'lollobarollo1' 'iampollocav']","['8267' '738222' '2452651' '5160149' '10279523' '37018089' '50386743'
 '186430920' '288730460' '344723206' '434157595' '974825132']",[],[],[],,no
17851678521485721,Annosa questione che si ripropone a ogni rifugio: - polenta taragna? - canderli? - pizzoccheri?  E perchè proprio tutti e tre?,2025-08-26 15:03:22,2025,8,False,afternoon,15,26,32,0.4482758620689655,Private Life,CAROUSEL,False,False,False,False,False,False,False,False,False,False,False,False,False,False,False,False,False,False,False,False,False,126,0,4.5,0,4,False,False,False,0,1,5.022106481481481,36.09050925925926,0,4,False,True,False,False,0,1,,0.0,0.0,,['fedebonia' 'andrea._giussani' 'dorianalami' 'boniardimarco'],['180603328' '1396126478' '3223356725' '6312334327'],[],[],[],Cima Rosetta 2742m,real
18082011994912751,"Non mi è mai e dico mai successo che io, vedendo un posto bello, non mi immaginassi di farci abitare dentro anche le persone che per me gli somigliano. Secondo me io sono fortunata ad avere questi pensieri bravissimi nell’arredamento affettivo.",2025-08-27 13:47:41,2025,8,False,afternoon,13,10,17,0.3703703703703703,Travel,CAROUSEL,False,False,False,False,False,False,False,False,False,False,False,False,False,False,False,False,False,False,False,False,False,244,0,20.5,0,0,False,False,False,0,2,0.9474421296296296,37.03795138888889,0,3,False,False,False,False,0,0,,0.0,0.0,,[],[],[],[],[],,no
17957881016993560,Sono finite le vacanze e sono state bellissime.,2025-08-28 14:13:10,2025,8,False,afternoon,14,14,31,0.3111111111111111,Travel,CAROUSEL,False,False,False,False,False,False,False,False,False,False,False,False,False,False,False,False,False,False,False,False,False,47,0,8.0,0,0,False,False,False,0,3,1.0176967592592592,38.05564814814815,0,4,False,True,False,False,0,0,,0.0,0.0,,['fedebonia' 'andrea._giussani' 'boniardimarco'],['180603328' '1396126478' '6312334327'],[],[],[],,no
17958789614986632,"Ricominciare mi sembra che porti sempre con sè un’ontologica fatica, ma quello che penso oggi, di questo primo settembre, è che se mi guardo a destra e a sinistra e un poco indietro ma soprattutto avanti: io sento che la direzione è quella della contentezza.",2025-09-01 12:20:21,2025,9,False,afternoon,12,18,40,0.3103448275862069,Reflections,CAROUSEL,False,False,False,False,False,False,False,False,False,False,False,False,False,False,False,False,False,False,False,False,False,258,0,45.0,0,0,False,False,False,0,3,3.9216550925925926,41.97730324074074,0,0,False,False,False,False,0,1,,0.0,0.0,,[],[],[],[],[],,no
17940696519056981,SI SCHERZA EH ho un sacco di amiche e amici che hanno la casa a forte dei marmi e che hanno fatto l’erasmus a Barcellona dove camminavano per la Rambla con i loro camperos.,2025-09-03 09:59:28,2025,9,False,morning,9,54,230,0.1901408450704225,Private Life,VIDEO_REELS,False,False,False,False,False,False,False,False,False,False,False,False,False,False,False,False,False,False,False,False,False,172,0,34.0,0,0,False,False,False,0,3,1.902164351851852,43.87946759259259,0,4,False,False,False,False,0,1,144.7740020751953,0.0,0.0,original_sounds,[],[],[],[],[],,no
17856316806458414,"Chi siamo? solo risposte sbagliate una per ogni foto.   Le risposte giuste le avrete solo venendo a teatro, dall 1 ottobre in giro per l’Italia, con il secondo tour di Avanguardia pura. Link dei biglietti nelle nostre Bio.",2025-09-08 12:12:39,2025,9,False,afternoon,12,28,82,0.2545454545454545,Theatre,CAROUSEL,False,True,False,False,False,False,False,False,False,False,False,False,False,False,False,False,False,False,False,False,False,222,0,9.5,0,1,False,False,False,0,2,5.092488425925926,48.97195601851852,0,0,False,False,False,False,1,1,,0.0,0.0,,['guglielmoscilla'],['10279523'],['guglielmoscilla'],['10279523'],[],,no
18122701408487103,Stamattina mentre mi facevo i codini ho pensato se gli anni 90 fossero una canzone che canzone sarebbero a parte tell me what u want what u really really want? Io ho optato per Lene Marlin ma molto indecisa tra questa e Barbie girl.,2025-09-10 11:22:20,2025,9,False,morning,11,38,145,0.2076502732240437,Reflections,CAROUSEL,False,False,False,False,False,False,False,False,False,False,False,False,False,False,False,False,False,False,False,False,False,232,0,22.0,0,1,False,False,False,0,1,1.9650578703703705,50.93701388888889,0,1,False,False,False,False,0,1,,0.0,0.0,,[],[],[],[],[],,no
18025790222525126,"Ci ho pensato ma non so dare un titolo, potete sceglierlo voi.  Buona domenica🤍",2025-09-14 12:27:26,2025,9,True,afternoon,12,71,422,0.1440162271805274,Reflections,VIDEO_REELS,False,False,False,False,False,False,False,False,False,False,False,False,False,False,False,False,False,False,False,False,False,79,0,7.0,0,0,True,False,False,1,2,4.045208333333333,54.98222222222222,0,2,False,False,False,False,1,0,82.08200073242188,0.0,0.0,licensed_music,[],[],[],[],[],,no
17924630601120965,Oggi avremmo potuto provare un’altra volta tutto lo spettacolo da capo e invece ci siamo detti va beh dai facciamo un contenuto che ingolosisca le persone.  Il contenuto per farvi ingolosire:,2025-09-25 10:46:12,2025,9,False,morning,10,59,371,0.1372093023255814,Theatre,VIDEO_REELS,False,True,False,False,False,False,False,False,False,False,False,False,False,False,False,False,False,False,False,False,False,191,0,15.5,0,0,False,False,False,0,0,10.929699074074074,65.9119212962963,0,1,False,False,False,False,0,1,24.07900047302246,0.0,0.0,licensed_music,['guglielmoscilla'],['10279523'],['guglielmoscilla'],['10279523'],[],,no
18042121763414286,Ecco il back stage del contenuto che avrebbe dovuto farvi ingolosire e farvi venire a teatro: siamo mortificati.,2025-09-27 10:51:44,2025,9,True,morning,10,25,103,0.1953125,Theatre,VIDEO_REELS,False,True,False,False,False,False,False,False,False,False,False,False,False,False,False,False,False,False,False,False,False,112,0,18.0,0,0,False,False,False,0,1,2.0038425925925925,67.91576388888889,0,2,False,False,False,False,0,1,179.00100708007812,0.0,0.0,original_sounds,['guglielmoscilla'],['10279523'],['guglielmoscilla'],['10279523'],[],,no
17983618376906582,"-Appuntato ore 9:42- Sempre fare cose buone e gentili, solo cose buone e gentili.",2025-09-29 10:42:57,2025,9,False,morning,10,11,19,0.3666666666666666,Private Life,CAROUSEL,False,False,False,False,False,False,False,False,False,False,False,False,False,False,False,False,False,False,False,False,False,81,0,15.0,0,0,False,False,False,0,2,1.9939004629629629,69.90966435185184,0,2,False,False,False,False,0,1,,0.0,0.0,,[],[],[],[],[],,no
17898201399162449,"Questo reel sarebbe dovuto uscire per celebrare l’inizio del tour. In una settimana così complessa abbiamo preferito fermarci e lasciare spazio a temi più grandi e più urgenti. Lo condividiamo ora come piccolo invito a ritrovarci a teatro sperando di regalavi, dove possibile, due ore ore di spensieratezza.",2025-10-06 11:24:42,2025,10,False,morning,11,15,28,0.3488372093023256,Theatre,VIDEO_REELS,False,True,False,False,False,False,False,False,False,False,False,False,False,False,False,False,False,False,False,False,False,307,0,16.0,0,0,False,False,False,0,0,7.028993055555556,76.9386574074074,0,3,False,False,False,False,1,1,117.68000030517578,0.0,0.0,original_sounds,['guglielmoscilla'],['10279523'],['guglielmoscilla'],['10279523'],[],,no
18063807473085113,"Da che ho memoria, quando viaggio in macchina, sempre guardando fuori dal finestrino faccio questo gesto con la mente: seguo i bordi delle cose che sfrecciano velocissimi e io, con una seprentina immaginaria del dito, li inseguo tracciandone i contorni, sfido la velocità con cui arrivano e se ne vanno, cercando di non perdermene neanche uno.  Questo é stato l’ultimo mese: cercare di non perdermi neanche un contorno.",2025-10-09 13:27:36,2025,10,False,afternoon,13,9,21,0.3,Private Life,CAROUSEL,False,False,False,False,False,False,False,False,False,False,False,False,False,False,False,False,False,False,False,False,False,419,0,34.0,0,0,False,False,False,0,1,3.085347222222222,80.02400462962963,0,2,False,False,False,False,0,1,,0.0,0.0,,[],[],[],[],[],,no
18037677470651383,"Io più cresco e più ci sono delle espressioni che secondo me ci somiglio: prima per niente, ma ora mi sembra che sono più simile al quasi quasi che al sicuramente, che mi vien da dire più spesso non lo so che certamente, spesso vorrei solo rispondere -scusami ora devo proprio andare perché c’ho da pensare-",2025-10-19 13:57:19,2025,10,True,afternoon,13,10,33,0.2325581395348837,Private Life,CAROUSEL,False,False,False,False,False,False,False,False,False,False,False,False,False,False,False,False,False,False,False,False,False,307,0,56.0,0,0,False,False,False,0,0,10.020636574074071,90.0446412037037,0,3,False,False,False,False,0,1,,0.0,0.0,,[],[],[],[],[],,no
17922394641168662,Tra qualche giorno ci sarà l’ora solare e rimpiomberemo nell’oscurità alle 16:30 del pomeriggio.  Io non posso accettarlo. Scusa Batman.,2025-10-21 11:22:16,2025,10,False,morning,11,68,569,0.1067503924646781,Private Life,VIDEO_REELS,False,False,False,False,False,False,False,False,False,False,False,False,False,False,False,False,False,False,False,False,False,136,0,7.0,0,0,False,False,False,0,1,1.8923263888888888,91.9369675925926,0,4,False,False,False,False,0,1,70.00800323486328,0.0,0.0,original_sounds,[],[],[],[],[],,no
18080875738841682,Le cose belle si somigliano.,2025-10-24 13:33:48,2025,10,True,afternoon,13,9,18,0.3333333333333333,Private Life,CAROUSEL,False,False,False,False,False,False,False,False,False,False,False,False,False,False,False,False,False,False,False,False,False,28,0,5.0,0,0,False,False,False,0,2,3.091342592592593,95.0283101851852,0,4,False,False,False,False,0,1,,0.0,0.0,,[],[],[],[],[],,no
18316616770172117,"L’altro giorno mi stavo lavando la faccia e ho sentito uno strano rumore improvviso, come un tintinnio. Ho guardato per terra e mi sono accorta che il piercing che per anni era stato comodo comodo sul mio naso, ora giaceva solitario sul pavimento.  Mi era già capitato di perdere le palline, certamente, ma mai che si togliesse del tutto in un gesto di emancipata protesta. Così l’ho guardato, come si guarda una coperta che ci ha tenuto caldo per tanti anni, e l’ho salutato per sempre. Forse era stanco di stare appeso e mi ha detto sai che c’é? Io me la svigno. Sei stato punk amico mio, mi mancherai. Queste le ultime foto, dal mio rullino, col mio compagno di avvenure.",2025-10-28 13:52:29,2025,10,False,afternoon,13,19,39,0.3275862068965517,Community,CAROUSEL,True,True,False,True,True,True,False,False,False,False,False,False,False,False,True,False,False,False,False,False,False,674,0,15.25,0,1,False,False,False,0,1,4.012974537037037,99.04128472222222,0,0,False,True,False,False,0,0,,0.0,0.0,,"['silviess' 'alicelikeaudrey' 'claudiodibiagio' 'guglielmoscilla'
 'fedebonia' 'roccotnl' 'lollobarollo1' 'andrea._giussani' 'dorianalami']","['738222' '2452651' '5160149' '10279523' '180603328' '186430920'
 '434157595' '1396126478' '3223356725']",[],[],[],,no
17964946223992257,"Pier Vittorio Tondelli in Biglietti agli amici scrive: “Ma io volevo baci larghi come oceani in cui perdermi e affogare, volevo baci grandi e baci lenti come un respiro cosmico, volevo bagni di baci in cui rilassarmi e finalmente imparare i suoi movimenti d’amore” e a me é sempre sembrata un’immagine cosí chiara e bellissima che era come se potessi vederla. Quando ho provato a disegnarla, poi, ho sbagliato tutti i colori, ma di questo Vittorio non ha colpe.",2025-10-30 12:18:51,2025,10,False,afternoon,12,41,121,0.2530864197530864,Private Life,VIDEO_REELS,False,False,False,False,False,False,False,False,False,False,False,False,False,False,False,False,False,False,False,False,False,461,0,39.5,0,0,False,False,False,0,2,1.934976851851852,100.97626157407409,0,5,False,False,False,False,1,1,76.30000305175781,0.0,0.0,licensed_music,[],[],[],[],[],,no
17868188040465895,"Sono sul treno, un intercity che da Genova mi porterà a Milano. Sono seduta in un vagone quasi vuoto, ho le cuffie. Arriva un uomo, credo tra i 30 e i 40 anni. É agitato, va avanti e indietro, su e giù per il corridoio della carrozza. Controlla chi c’é sul vagone, mi guarda, lo guardo. Decido di togliere la modalità silenzio dalle mie cuffie: è quello che faccio sempre quando qualcosa che non capisco mi attiva. Si siede. Sul sedile trova un giornale, lo vedo riflesso nel mio finestrino. Lo apre al contrario, inizia a fare finta di leggere. Mi levo del tutto le cuffie. Si gira, si rigira continuamente, guarda i cappotti, le valigie, le porte automatiche in fondo al vagone. lo prendo la borsa dalla cappelliera e me la metto in grembo. Si alza e si siede accanto a me. Eccoci qua, lo sapevo. Forse voglio cambiare vagone. Comincio a guardarlo cercando dettagli che possano tranquillizzarmi, non ne trovo. L’altra persona presente sul vagone, oltre noi due, é una signora che dorme. Adesso chiamo qualcuno almeno se succede qualcosa sono al telefono, penso. Prendo tempo fingendo di leggere un libro, poi sento una voce che chiede di visionare il biglietto. É salito il controllore, un ragazzo giovane che spero rimanga nel mio vagone, l’ultimo da controllare. Gli mostro il biglietto, mi ringrazia e si dirige verso l’uomo col giornale al contrario, che nel frattempo si è alzato per andare nel vano che collega il treno alla cabina del guidatore. Non ha il biglietto. Non puoi stare qui devi scendere, origlio stendendo le orecchie. Che sollievo. Alla fine si accordano, farà il biglietto sul treno, pagandolo di più, ma si sposterà in un altro vagone. Sembra acconsentire ma senza effettivamente pagare nulla, il controllore lo porta via con sè verso il centro del treno. Meno male, mi dico. Forse ho esagerato, non c’era niente di cui avere paura. Eppure quando sono sola con un uomo sospetto, io di paura ne ho sempre. Nel mentre é salita una bambina stupenda, avrà due anni, la mamma le ha messo un cappellino da orsetto, fa molto ridere. Che fatica, a volte, essere donne.",2025-10-31 11:42:07,2025,10,True,morning,11,42,183,0.1866666666666666,Culture,CAROUSEL,False,False,False,False,False,False,False,False,False,False,False,False,False,False,False,False,False,False,False,False,False,2085,0,11.67741935483871,0,0,False,False,False,0,3,0.9744907407407408,101.95075231481482,0,0,False,False,False,False,0,1,,0.0,0.0,,[],[],[],[],[],,no
18301426342252376,Cosa più bella successa a ottobre: sono diventata zia.,2025-11-04 14:53:30,2025,11,False,afternoon,14,32,93,0.256,Private Life,CAROUSEL,False,False,False,False,False,False,False,False,False,False,False,False,False,False,False,False,False,False,False,False,False,54,0,9.0,0,0,False,False,False,0,2,4.132905092592592,106.0836574074074,0,6,False,False,False,False,0,1,,0.0,0.0,,[],[],[],[],[],,no
17988423797897331,Io che vivo la vita con la stessa capacità di farmi valere di Hamtaro.,2025-11-06 14:39:58,2025,11,False,afternoon,14,29,122,0.1920529801324503,Relatable Comedy,VIDEO_REELS,False,False,False,False,False,False,False,False,False,False,False,False,False,False,False,False,False,False,False,False,False,70,0,14.0,0,0,False,False,False,0,2,1.990601851851852,108.07425925925926,0,0,False,False,False,False,1,1,57.305999755859375,0.0,0.0,original_sounds,[],[],[],[],[],,no
18066952574098186,"Cose e persone che mi fanno dimenticare che oggi é lunedi. Ps. Mancano 44 giorni a Natale, ma quando é successo?",2025-11-10 11:48:23,2025,11,False,morning,11,15,20,0.4285714285714285,Relatable Comedy,CAROUSEL,False,False,False,False,False,False,False,False,False,False,False,False,False,False,False,False,False,False,False,False,False,112,0,7.0,0,1,False,False,False,0,2,3.880844907407408,111.95510416666669,0,1,False,True,True,False,0,1,,0.0,0.0,,['vittoriomassa' 'iampollocav' 'gattotoro'],['38574662' '974825132' '67638775261'],[],[],[],,no
18057261491281045,Pensiero prima di uscire: 1 like 1 preghiera per l’uva coi semi :(,2025-11-12 13:36:52,2025,11,False,afternoon,13,30,113,0.2097902097902098,Reflections,VIDEO_REELS,False,False,False,False,False,False,False,False,False,False,False,False,False,False,False,False,False,False,False,False,False,66,0,12.0,0,0,False,False,False,0,2,2.075335648148148,114.0304398148148,0,0,False,False,False,False,0,1,52.03499984741211,0.0,0.0,original_sounds,[],[],[],[],[],,no
17914403676087795,WARNING: Immagini forti e paurose adatte a un pubblico di soli adulti.,2025-11-18 13:35:30,2025,11,False,afternoon,13,57,216,0.2087912087912088,Relatable Comedy,VIDEO_REELS,False,False,False,False,False,False,False,False,False,False,False,False,False,False,False,False,False,False,False,False,False,70,0,12.0,0,0,False,False,False,0,1,5.999050925925926,120.02949074074074,0,2,False,False,False,False,0,1,85.16899871826172,0.0,0.0,original_sounds,[],[],[],[],[],,no
18085375300826906,"Da questo post forse potrei anche sembrare una persona onesta, l’amica che ti tiene le chiavi in borsa durante la serata, il numero di emergenza da chiamare se succede qualcosa, la spalla che sempre ti proteggerá con un patronus. E invece non ho mai visto The Office (o meglio ho visto i primi due ep. Della prima stagione e poi mollato). Scusate dovevo dirvelo era un segreto che mi tenevo dentro da troppo. Se non potete perdonarmi lo capisco",2025-11-20 15:01:13,2025,11,False,afternoon,15,29,106,0.2148148148148148,Private Life,CAROUSEL,True,False,False,False,True,False,False,False,False,False,False,False,False,False,True,False,False,False,False,False,False,444,0,15.8,0,0,False,False,False,0,1,2.059525462962963,122.08901620370372,0,4,False,False,False,False,1,1,,0.0,0.0,,['alicelikeaudrey' 'roccotnl'],['2452651' '186430920'],[],[],[],,no
18086705761971529,Se ascoltate bene a un certo punto della ricetta cambio idea. (A fine video screen con ingredienti “giusti”),2025-11-24 13:16:43,2025,11,False,afternoon,13,38,173,0.1800947867298578,Cooking,VIDEO_REELS,False,False,False,False,False,False,False,False,False,False,False,False,False,False,False,False,False,False,False,False,False,108,0,9.0,0,0,False,False,False,0,2,3.927430555555556,126.01644675925924,0,0,False,False,False,False,0,1,286.5090026855469,0.0,0.0,,[],[],[],[],[],,no
18339588025237084,Mi sembra che novembre sia stato davvero molto bello e questo per certi versi* é strano.   *certi versi: è oggettivamente il mese peggiore dell’anno prove me wrong.,2025-11-28 12:00:17,2025,11,True,afternoon,12,15,29,0.3409090909090909,Theatre,CAROUSEL,True,True,False,False,False,False,False,False,False,False,False,False,False,False,False,False,False,False,False,False,False,164,0,13.5,0,0,False,False,False,0,1,3.946921296296297,129.96336805555555,0,0,False,True,False,False,0,1,,0.0,0.0,,['alicelikeaudrey' 'guglielmoscilla' 'boootz1' 'iampollocav' 'grossi__m'],['2452651' '10279523' '288730460' '974825132' '5613921469'],[],[],[],,no
18316576432218329,"Se poteste inventare e scagliare ora un incantesimo come si chiamerebbe e cosa farebbe?  Inizio io: Nannibus, non ho bisogno di dormire e non ho sonno.   Addio Demetra Von Kopperstein, mi mancherai. #arcaniversitas45 #larp",2025-11-30 11:05:41,2025,11,True,morning,11,18,67,0.2117647058823529,Private Life,VIDEO_REELS,False,False,False,False,False,False,False,False,False,False,False,False,False,False,False,False,False,False,False,False,False,222,0,8.5,0,1,False,False,False,0,2,1.9620833333333327,131.9254513888889,0,3,False,False,False,False,0,0,12.213000297546388,2.0,0.0,original_sounds,[],[],[],[],[],,no
18061327358532214,"Camilla menthal couch é un corso disponibile su tutte le piattaforme di università della vita ed é pensato per tutti e coloro che sono stati gettati tra i lupi e ne sono usciti capobranco. Se avete altri consigli potete scriverli nei commenti, li inserirò nel prossimo corso.  @imetec_italia @netflixit #adv #Imetec #CaldoPlaid #StrangerThings",2025-12-05 10:22:54,2025,12,True,morning,10,19,33,0.3653846153846153,Community,VIDEO_REELS,False,False,False,False,False,False,False,False,False,False,False,False,False,False,False,False,True,True,False,False,False,343,0,17.666666666666668,0,0,False,False,False,0,2,4.970289351851852,136.8957407407407,0,0,False,False,False,False,1,1,72.0510025024414,4.0,2.0,original_sounds,[],[],[],[],[],,no
18100345996790642,"Dicembre, i miei amici, i ricordi, gli incantesimi, le cose belle e le canzoni di chi ho nel cuore.",2025-12-07 11:27:48,2025,12,True,morning,11,17,11,0.6071428571428571,Private Life,CAROUSEL,False,True,False,True,True,True,False,False,False,False,False,False,False,False,True,False,False,False,False,False,False,99,0,19.0,0,0,False,False,False,0,1,2.0450694444444446,2.0450694444444446,1,3,False,True,False,False,0,1,,0.0,0.0,,"['claudiodibiagio' 'guglielmoscilla' 'roccotnl' 'lollobarollo1'
 'cohenalis' 'matteo.quinzi' '_eryados_']","['5160149' '10279523' '186430920' '434157595' '539720973' '7063561106'
 '8298858790']",[],[],[],,no
17890319763388016,Questo gioco ti fa capire come le menti si attivino in modo diverso e perché a essere sbagliato sia proprio il modo degli altri mortacci de pippo come ho potuto perdere questo festival é truccato vince Fausto Leali,2025-12-09 12:11:10,2025,12,False,afternoon,12,12,14,0.4615384615384615,Games,VIDEO_REELS,False,False,False,False,False,False,False,False,False,False,False,False,False,False,False,False,False,False,False,False,False,214,0,38.0,0,0,False,False,False,0,2,2.0301157407407406,4.075185185185185,1,0,False,False,False,False,0,1,131.60000610351562,0.0,0.0,original_sounds,[],[],[],[],[],,no
18095641031497277,"Siamo tutti d’accordo sul fatto che il lunedi sia giallo, il numero 15 arancione e dicembre blu? Spero di si altrimenti rissa",2025-12-15 13:13:12,2025,12,False,afternoon,13,37,87,0.2983870967741935,Private Life,CAROUSEL,True,False,False,True,False,False,False,False,False,False,False,False,False,False,False,False,False,False,False,False,False,125,0,11.0,0,1,False,False,False,0,1,6.043078703703704,10.118263888888889,1,3,False,False,True,False,0,1,,0.0,0.0,,['alicelikeaudrey' 'claudiodibiagio' 'baustelle_official'],['2452651' '5160149' '3614094989'],[],[],[],,no
18069715202610545,Siamo tutte state l’amica/o semplice che se si prende bene con una serie tv parla solo di quella.  @falloutonprime @primevideoit  #FalloutStagioneDue #adv,2025-12-18 12:38:11,2025,12,False,afternoon,12,8,16,0.3333333333333333,Cinema & TV,VIDEO_REELS,False,False,False,False,False,False,False,False,False,False,False,False,False,False,False,False,True,True,False,False,False,154,0,11.5,0,0,False,False,False,0,1,2.9756828703703704,13.09394675925926,1,0,False,False,False,False,0,0,64.5,2.0,2.0,original_sounds,[],[],[],[],[],,no
17903609814321241,"Ho sempre pensato che tra tutti e cinque i sensi, l’olfatto sia quello che ho sviluppato meglio. Più che la vista o l’udito o il sapore é spesso con gli odori che il mio stomaco si accartoccia. Ce ne sono almeno due, nonna, che quando mi capitano sotto al naso per me è sempre un regalo meraviglioso perché nel tempo di una scia improvvisa mi sembra che sei ancora qui che mentre mi abbracci mi chiami Pissiracchi.  Oggi é il tuo compleanno nonnina e io spero tanto che non mi venga il raffreddore.",2025-12-21 12:18:34,2025,12,True,afternoon,12,26,59,0.3058823529411765,Private Life,CAROUSEL,False,False,False,False,False,False,False,False,False,False,False,False,False,False,False,False,False,False,False,False,False,498,0,23.25,0,0,False,False,False,0,2,2.9863773148148147,2.9863773148148147,2,4,False,False,False,False,0,1,,0.0,0.0,,[],[],[],[],[],,no
18060171806636692,"Non so, so matta io? Ditemi voi e aggiungetene pure altre.",2025-12-22 12:02:23,2025,12,False,afternoon,12,87,645,0.1188524590163934,Relatable Comedy,VIDEO_REELS,False,False,False,False,False,False,False,False,False,False,False,False,False,False,False,False,False,False,False,False,False,58,0,5.5,0,1,False,False,False,0,3,0.988761574074074,3.975138888888889,2,0,False,False,False,False,1,1,89.93299865722656,0.0,0.0,original_sounds,[],[],[],[],[],,no
17862647727478564,Se ti scappa un like per sbaglio c’è un’unica soluzione e te la spiego qui.  @sistemaerion #adv,2025-12-23 13:30:06,2025,12,False,afternoon,13,12,15,0.4444444444444444,Other,VIDEO_REELS,False,False,False,False,False,False,False,False,False,False,False,False,False,False,False,False,True,True,False,False,False,95,0,8.5,0,0,False,False,False,0,3,1.0609143518518518,5.036053240740741,2,0,False,False,False,False,0,1,91.06800079345705,1.0,1.0,original_sounds,[],[],[],[],[],,no
18345272275224491,"Buon Natale amici, possiate avere pance piene e cuori gonfi. Vvb",2025-12-25 12:25:24,2025,12,False,afternoon,12,17,12,0.5862068965517241,Private Life,CAROUSEL,False,False,False,False,False,False,False,False,False,False,False,False,False,False,False,False,False,False,False,False,False,64,0,5.5,0,0,False,False,False,0,4,1.9550694444444443,1.9550694444444443,3,4,False,False,False,False,0,0,,0.0,0.0,,[],[],[],[],[],,no
18068982287131955,"Questo é il mio 2025 wrapped su un dispositivo sporco di pittura, e il vostro anno come è andato? risp sul mio.   @canva_italy #CanvaPartner #adv",2025-12-30 13:38:52,2025,12,False,afternoon,13,35,107,0.2464788732394366,Community,VIDEO_REELS,False,False,False,False,False,False,False,False,False,False,False,False,False,False,False,False,True,True,False,False,False,145,0,8.333333333333334,0,1,False,False,False,0,1,5.051018518518519,7.006087962962963,3,1,False,False,False,False,1,1,176.3000030517578,2.0,1.0,original_sounds,[],[],[],[],[],,no
18057510863335117,Guardami fare la valigia piú sbagliata di sempre.     Ps domani parto se avete consigli sul Messico lasciateli qua sotto nei commenti.,2026-01-01 20:59:58,2026,1,False,evening,20,31,105,0.2279411764705882,Community,VIDEO_REELS,False,False,False,False,False,False,False,False,False,False,False,False,False,False,False,False,False,False,False,False,False,134,0,10.5,0,0,False,False,False,0,1,2.3063194444444446,2.3063194444444446,4,2,False,False,False,False,1,1,124.96600341796876,0.0,0.0,original_sounds,[],[],[],[],[],,no
18031567508780922,Riflessioni maturate dopo due giorni a città del Messico.,2026-01-04 19:48:21,2026,1,True,evening,19,18,51,0.2608695652173913,Travel,CAROUSEL,False,False,False,False,False,False,False,False,False,False,False,False,False,False,False,False,False,False,False,False,False,57,0,9.0,0,0,False,False,False,0,2,2.950266203703704,5.256585648148148,3,0,False,False,False,False,0,0,,0.0,0.0,,[],[],[],[],[],Messico,real
18099068425883415,"Il Chiapas é incredibile, oggi ho imparato come si parla ai bro qualcosa tipo ¿que onda, güey?, domani vedo delle altre piramidi e poi faccio un bagno nelle cascate. Sono felice.",2026-01-07 19:59:45,2026,1,False,evening,19,22,51,0.3013698630136986,Reflections,CAROUSEL,False,False,False,False,False,False,False,False,False,False,False,False,False,False,False,False,False,False,False,False,False,178,0,10.333333333333334,0,1,False,False,False,0,2,3.0079166666666666,8.264502314814814,3,0,False,False,False,False,0,1,,0.0,0.0,,[],[],[],[],[],"San Cristóbal de las Casas, Chiapas",real
17842852326673257,I messicani hanno un modo secondo me molto romantico per dire una cosa poco romantica che fa così: La vida se va por un hueco. Lascio a voi scoprire il significato e quando viene usato. 🤍,2026-01-09 19:27:44,2026,1,True,evening,19,16,39,0.2909090909090909,Relatable Comedy,CAROUSEL,False,False,False,False,False,False,False,False,False,False,False,False,False,False,False,False,False,False,False,False,False,187,0,17.5,0,0,True,False,False,1,2,1.977766203703704,10.242268518518518,3,1,False,False,False,False,1,1,,0.0,0.0,,[],[],[],[],[],"Palenque, Chiapas, Mexico",real
18083201045155224,"Secondo il calendario solare Maya chiamato Haab (che trovate alla fine del carousel) io sono nata durante Pax, mese di musica e di arte associato alle personalità sensibili.  Il mio segno zodiacale è la lepre.  100/100 il malessere nell’oroscopo maya è Zotz.",2026-01-11 14:09:51,2026,1,True,afternoon,14,33,108,0.2340425531914893,Relatable Comedy,CAROUSEL,False,False,False,False,False,False,False,False,False,False,False,False,False,False,False,False,False,False,False,False,False,258,0,14.333333333333334,0,0,False,False,False,0,3,1.7792476851851853,12.021516203703705,3,2,False,False,False,False,0,1,,0.0,0.0,,[],[],[],[],[],,no
18156314719421812,My 2 cent su Mai stati così felici + bonus racoon finale visto ieri notte. Attendo vostre opinioni.,2026-01-13 15:02:13,2026,1,False,afternoon,15,13,37,0.26,Community,CAROUSEL,False,False,False,False,False,False,False,False,False,False,False,False,False,False,False,False,False,False,False,False,False,99,0,8.5,0,0,False,False,False,0,3,2.0363657407407407,14.057881944444444,3,2,False,False,False,False,1,1,,0.0,0.0,,[],[],[],[],[],,no
17979976607954344,Occhialetti subacquei capo più secsi spring-summer 2026 parere mio ma forse anche di altre 6/7 persone come minimo.,2026-01-14 13:38:40,2026,1,False,afternoon,13,34,57,0.3736263736263736,Private Life,CAROUSEL,False,False,False,False,False,False,False,False,False,False,False,False,False,False,False,False,False,False,False,False,False,115,0,20.0,0,0,False,False,False,0,4,0.9419791666666668,14.99986111111111,3,1,False,False,False,False,0,1,,0.0,0.0,,[],[],[],[],[],Messico,real
18207760576318771,"Le montagne al mare.  Onesto scrive alle montagne, perchè solo alle montagne riesce a dire ció che ha nel cuore.  Un libro delicato e gentile, che entra in punta di piedi e quando finisce ti ritrovi il cuore pieno e il nodo in gola.  Leggerlo è una gentilezza che vi fate.  Bellissimo.",2026-01-15 16:43:47,2026,1,False,afternoon,16,2,27,0.0689655172413793,Culture,CAROUSEL,False,False,False,False,False,False,False,False,False,False,False,False,False,False,False,False,False,False,False,False,False,285,0,10.4,0,0,False,False,False,0,4,1.1285532407407408,16.128414351851852,3,0,False,False,False,False,0,0,,0.0,0.0,,[],[],[],[],[],,no
18123610009543843,Possiamo dire che essere stata in messico 15 giorni e non aver mai fatto un post o una storia scrivendo o aggiungendo come colonna sonora Messico e Nuvole è un po’ come avere vinto il Whamageddon del centro America? Chiedo x amica.,2026-01-16 13:53:44,2026,1,True,afternoon,13,30,90,0.25,Community,CAROUSEL,False,False,False,False,False,False,False,False,False,False,False,False,False,False,False,False,False,False,False,False,False,231,0,21.0,0,1,False,False,False,0,5,0.8819097222222222,17.010324074074074,3,3,False,False,False,False,0,1,,0.0,0.0,,[],[],[],[],[],,no
18083735957242899,"Ebbene si.  Ho sempre avuto un canale Youtube che non ho mai usato se non come hardisk esterno per salvare i video che avrei poi fatto vedere da vecchia ai miei nipoti.  In questi tempi veloci, di 30 secondi in cui devi colpire e agganciare, sentivo il bisogno di tornare “alle origini” dei tempi lunghi, delle chiacchiere, dei video con cui confrontarci e stare insieme, magari in pochi, ma senza fretta.  Il primo video esce questo giovedí (ne uscirà uno a settimana, ogni giovedí).  Il link del canale é gia in bio.  Spero vogliate farmi compagnia in questo nuovo -vecchio- capitolo🤍",2026-01-19 14:20:50,2026,1,False,afternoon,14,53,131,0.2880434782608695,YouTube,VIDEO_REELS,False,False,False,False,False,False,False,False,False,False,False,False,False,False,False,False,False,False,False,False,False,586,0,16.833333333333332,0,0,True,False,False,1,4,3.0188194444444445,20.02914351851852,2,0,False,False,False,False,0,0,56.632999420166016,0.0,0.0,original_sounds,[],[],[],[],[],,no
18082570684956703,"Domani alle ore 14:00 esce il primo video su YouTube dove non saró sola, per indovinare chi ci sarà con me provate a pensare chi potrebbe unire: Krusty il clown, Marco Columbro e Il Padrino.  Via alle ipotesi. A domani🫶🏻",2026-01-21 12:53:30,2026,1,False,afternoon,12,19,47,0.2878787878787879,YouTube,CAROUSEL,False,False,False,False,False,False,False,False,False,False,False,False,False,False,False,False,False,False,False,False,False,219,0,13.666666666666666,0,0,True,False,False,1,4,1.939351851851852,21.96849537037037,2,1,False,False,False,False,1,1,,0.0,0.0,,[],[],[],[],[],,no
18084626429277572,"É uscito il primo video su YouTube, trovate il link in bio. Secondo voi @dario_moccia che numero ha fatto col dado?",2026-01-22 13:17:25,2026,1,False,afternoon,13,9,17,0.3461538461538461,YouTube,VIDEO_REELS,False,False,False,False,False,False,False,False,False,False,False,True,False,False,True,False,True,False,False,False,False,115,0,10.5,0,1,False,False,False,0,4,1.0166087962962962,22.985104166666662,2,2,False,False,False,False,1,1,57.43299865722656,0.0,1.0,original_sounds,['dario_moccia'],['1367222989'],[],[],[],,no
18393345886182465,Ricordi analogici preferiti di persone preferite con canzone preferita.  Buon week end amici🤍,2026-01-24 11:44:15,2026,1,True,morning,11,13,10,0.5652173913043478,Private Life,CAROUSEL,True,False,False,True,True,True,False,False,False,False,False,False,False,False,True,False,False,False,False,False,False,93,0,6.5,0,0,True,False,False,1,3,1.935300925925926,24.920405092592592,1,1,False,True,False,False,0,0,,0.0,0.0,,"['marzers' 'silviess' 'heliodinardo' 'alicelikeaudrey' 'claudiodibiagio'
 'purplehaze85' 'roccotnl' 'lollobarollo1']","['8267' '738222' '1587576' '2452651' '5160149' '8412330' '186430920'
 '434157595']",[],[],[],,no
18091864309967377,"In questo trend tutti a mettere Frank Ocean però poi quando parte Vorrei tutti a gridare CHE IO VIVOOO ATTRAVERSOO GLI OCCHI TUOIIII. Io non mi nascondo.   Voglio sapere i vostri, non performativi peró, reali.",2026-01-26 12:06:05,2026,1,False,afternoon,12,3,27,0.1,Relatable Comedy,VIDEO_REELS,False,False,False,False,False,False,False,False,False,False,False,False,False,False,False,False,False,False,False,False,False,209,0,11.666666666666666,0,0,False,False,False,0,4,2.015162037037037,26.93556712962963,1,2,False,False,False,False,1,1,12.605999946594238,0.0,0.0,original_sounds,[],[],[],[],[],,no
17952418251070091,"Per citare Paolo Nori questo libro é come lui: bellissimo, intelligentissimo, sensibilissimo, divertentissimo, acuto, ottuso, coinvolgente, sconvolgente e bravo anzi cosa dico bravissimo.   10/10",2026-01-28 11:51:30,2026,1,False,morning,11,2,13,0.1333333333333333,Culture,CAROUSEL,False,False,False,False,False,False,False,False,False,False,False,False,True,False,False,False,False,False,False,False,False,195,0,12.5,0,0,False,False,False,0,4,1.989872685185185,28.925439814814816,1,1,False,True,False,False,0,0,,0.0,0.0,,['paolo.nori'],['5624348112'],[],[],[],,no
17949578172091381,Su YouTube é uscito un nuovo video: la tierlist delle cose di cui mi frega meno.  Vorrei sapere se siamo sulla stessa lunghezza d’onda.  Tornassi indietro forse due cose due le aggiungerei eheh ma ditemi le vostre pls.  Link del video completo in bio,2026-01-29 13:11:59,2026,1,False,afternoon,13,11,9,0.55,YouTube,VIDEO_REELS,False,False,False,False,False,False,False,False,False,False,False,False,False,False,False,False,False,False,False,False,False,250,0,11.0,0,0,False,False,False,0,4,1.0558912037037036,29.98133101851852,1,3,False,False,False,False,1,1,81.23999786376953,0.0,0.0,original_sounds,[],[],[],[],[],,no
18075963734611824,Gennaio è stato un anno bellissimo.,2026-01-31 12:29:03,2026,1,True,afternoon,12,12,30,0.2857142857142857,Private Life,CAROUSEL,False,False,False,False,False,False,False,False,False,False,False,False,False,False,False,False,False,False,False,False,False,35,0,6.0,0,0,False,False,False,0,3,1.9701851851851853,31.951516203703704,0,2,False,False,False,False,0,1,,0.0,0.0,,[],[],[],[],[],,no
18089649665044901,Buon inizio mese e buona domenica,2026-02-01 17:45:35,2026,2,True,afternoon,17,16,46,0.2580645161290322,Relatable Comedy,VIDEO_REELS,False,False,False,False,False,False,False,False,False,False,False,False,False,False,False,False,False,False,False,False,False,33,0,6.0,0,0,False,False,False,0,4,1.219814814814815,33.171331018518515,0,1,False,False,False,False,0,1,13.35099983215332,0.0,0.0,original_sounds,[],[],[],[],[],"Milan, Italy",real
18350294113227692,"Dai raga ditemi se non sembra il poster di una serie tv tipo i TUDORS ma rifatta low budget con la regia di Terra Amara.  Come si potrebbe intitolare? Tipo I BOLGIA.   (Ci siamo divertiti tantissimo, eravamo a un Larp in un mondo magico Potteriano)",2026-02-03 12:06:58,2026,2,False,afternoon,12,14,46,0.2333333333333333,Cinema & TV,CAROUSEL,False,True,False,True,True,True,False,False,False,False,False,False,False,False,True,False,False,False,False,False,False,248,0,11.25,0,1,False,False,False,0,4,1.764849537037037,34.93618055555555,0,0,False,True,False,False,1,1,,0.0,0.0,,"['claudiodibiagio' 'graziana_tolino' 'guglielmoscilla' 'roccotnl'
 'lollobarollo1' '_eryados_']",['5160149' '9387519' '10279523' '186430920' '434157595' '8298858790'],[],[],[],,no
18122831746562545,Scusa Superman non me ne volere ma non so niente di te.,2026-02-07 12:51:52,2026,2,True,afternoon,12,4,24,0.1428571428571428,Cinema & TV,VIDEO_REELS,False,False,False,True,True,True,False,False,False,False,False,False,False,False,True,False,False,False,False,False,False,55,0,12.0,0,0,False,False,False,0,2,4.031180555555555,38.96736111111111,0,1,False,False,False,False,0,1,53.7599983215332,0.0,0.0,original_sounds,['claudiodibiagio' 'roccotnl' 'lollobarollo1'],['5160149' '186430920' '434157595'],[],[],[],,no
17896413147394951,Le mie olimpiadi invernali:,2026-02-08 12:15:55,2026,2,True,afternoon,12,8,8,0.5,Private Life,CAROUSEL,True,False,False,False,False,False,False,False,False,False,False,False,False,False,False,False,False,False,False,False,False,27,0,4.0,0,0,False,False,False,0,3,0.9750347222222222,39.942395833333336,0,2,False,True,False,False,0,1,,0.0,0.0,,['alicelikeaudrey' 'purplehaze85'],['2452651' '8412330'],[],[],[],,no
17863858605504655,É un’esperienza che vi risuona? Chiedo per un’amica.,2026-02-10 12:36:42,2026,2,False,afternoon,12,54,262,0.170886075949367,Relatable Comedy,VIDEO_REELS,False,False,False,False,False,False,False,False,False,False,False,False,False,False,False,False,False,False,False,False,False,52,0,4.0,0,1,False,False,False,0,2,2.01443287037037,41.95682870370371,0,2,False,False,False,False,1,1,78.0999984741211,0.0,0.0,original_sounds,[],[],[],[],[],,no
18090454121471782,"Questo non è un post del 2016, ma un carousel di cose belle successe di recente di cui fate parte anche voi. Grazie 🤍",2026-02-13 14:55:40,2026,2,True,afternoon,14,17,18,0.4857142857142857,Community,CAROUSEL,True,True,False,False,False,False,False,False,False,False,False,False,False,False,False,False,False,False,False,False,False,117,0,11.5,0,0,True,False,False,1,3,3.0965046296296297,45.053333333333335,0,0,False,True,False,False,1,0,,0.0,0.0,,"['marzers' 'silviess' 'heliodinardo' 'alicelikeaudrey' 'purplehaze85'
 'guglielmoscilla']",['8267' '738222' '1587576' '2452651' '8412330' '10279523'],[],[],[],"Felice , Felice , Felicissima !",fake
18037279256547256,Seguitemi per la parte 2! ✨,2026-02-16 13:30:22,2026,2,False,afternoon,13,64,243,0.2084690553745928,Relatable Comedy,VIDEO_REELS,False,False,False,False,False,False,False,False,False,False,False,False,False,False,False,False,False,False,False,False,False,27,0,5.0,1,0,False,False,True,1,2,2.9407638888888887,47.99409722222222,0,3,False,False,False,False,0,1,53.70000076293945,0.0,0.0,original_sounds,[],[],[],[],[],,no
17842537926695427,"Anastasia, is this you?",2026-02-18 11:37:01,2026,2,False,morning,11,16,37,0.3018867924528302,Private Life,CAROUSEL,False,False,False,False,False,False,False,False,False,False,False,False,False,False,False,False,False,False,False,False,False,23,0,4.0,0,1,False,False,False,0,2,1.9212847222222225,49.91538194444445,0,2,False,False,False,False,0,1,,0.0,0.0,,[],[],[],[],[],,no
18082563064995703,"È online su YouTube il video di oggi, si chiama a domanda rispondo e come suggerisce il nome ho risposto a tante delle domande che mi avete fatto ieri. Si parla di molte cose, in uno spazio sicuro. Mi piacerebbe davvero sapere che ne pensate, non solo del format ma anche di ció di cui si è parlato.  Il link è in bio.  Vi leggo nei commenti ♥️ (qui e su YT)",2026-02-19 13:25:38,2026,2,False,afternoon,13,18,65,0.216867469879518,YouTube,VIDEO_REELS,False,False,False,False,False,False,False,False,False,False,False,False,False,False,False,False,False,False,False,False,False,357,0,14.2,0,0,True,False,False,1,3,1.0754282407407407,50.99081018518518,0,1,False,False,False,False,1,0,60.625,0.0,0.0,original_sounds,[],[],[],[],[],,no
17906961264186388,"Alla domanda se mi hanno fatto mai pesare di non avere ancora figli ho detto sì, e credo che nel 2026 far coincidere ancora l’idea di realizzazione di una donna con la sua sola maternità sia veramente imbarazzante. Amo i bambini e desidererei averne, ma ora sono felice così, perché la mia vita è già piena. Quando e se sarà, sarò felicissima, se non sarà, saró lo stesso felicissima. Queste per me sono le basi per una famiglia felice. (NB La famiglia, poi, non è solo quella composta da genitori e figli, vi prego, non siamo nel medioevo).",2026-02-22 10:57:38,2026,2,True,morning,10,22,289,0.0707395498392283,Private Life,VIDEO_REELS,False,False,False,False,False,False,False,False,False,False,False,False,False,False,False,False,False,False,False,False,False,541,0,19.6,0,0,False,False,False,0,3,2.897222222222222,53.88803240740741,0,3,False,False,False,False,0,0,62.41600036621094,0.0,0.0,original_sounds,[],[],[],[],[],,no
18106512166754705,"#adv Cerco lavoro a Sanremo, vorrei essere una maestranza ma mi adatto a tutto, ecco le mie referenze. @canva_italy #CanvaPartner",2026-02-23 11:32:40,2026,2,False,morning,11,25,79,0.2403846153846154,Culture,VIDEO_REELS,False,False,False,False,False,False,False,False,False,False,False,False,False,False,False,False,True,True,False,False,True,129,0,10.0,0,0,False,False,False,0,4,1.0243287037037037,54.91236111111111,0,0,False,False,False,False,0,1,138.3000030517578,2.0,1.0,original_sounds,[],[],[],[],[],,no
18080557928595702,Dai alla fine febbraio che ho sempre trattato malissimo si sta rivelando molto bello. scusa febbraio. <3,2026-02-24 12:10:43,2026,2,False,afternoon,12,10,18,0.3571428571428571,Private Life,CAROUSEL,False,False,False,True,False,False,False,False,False,False,False,False,False,False,False,False,False,False,False,False,False,104,0,5.666666666666667,0,0,False,False,False,0,4,1.0264236111111111,1.0264236111111111,1,3,False,True,True,False,0,1,,0.0,0.0,,['claudiodibiagio' 'simonemelissano' 'annalauralezzi'],['5160149' '344723206' '1805788711'],[],[],[],,no
18563596738041136,"#adv Oggi ho giocato a gira la moda in real life con chi passeggiava sul lungomare di Sanremo, mi sono sentita direttrice creativa di Zalando solo per essere riuscita a matchare borsa e cappotto.   @zalando #zalando #WhatDoIWear",2026-02-25 19:32:56,2026,2,False,evening,19,3,16,0.1578947368421052,Beauty & Fashion,VIDEO_REELS,False,False,False,False,False,False,False,False,False,False,False,False,False,False,False,False,True,True,False,False,True,228,0,18.5,0,0,False,False,False,0,4,1.3070949074074074,2.3335185185185185,1,0,False,False,False,False,0,1,,,,,,,,,,,no
18563068321058124,"A Sanremo tutti parlano di musica ma noi abbiamo tierlistato i cantanti in gara sulla base di quanto ci tornerebbero utili se fossero i nostri compagni naufraghi su un’isola deserta.  Il video completo è su You Tube, link in bio.",2026-02-26 13:30:01,2026,2,False,afternoon,13,3,5,0.375,YouTube,VIDEO_REELS,False,True,False,False,False,False,False,False,False,False,False,False,False,False,False,False,False,False,False,False,True,229,0,20.0,0,0,False,False,False,0,4,0.7479745370370371,0.7479745370370371,2,1,False,False,False,False,0,1,41.400001525878906,0.0,0.0,original_sounds,['guglielmoscilla'],['10279523'],['guglielmoscilla'],['10279523'],[],,no
18042228125725101,"✨Hating Sanremo doesn’t make you cool ✨ Le mie preferite quest’anno: - Fulminacci - Sayf - Ditonellapiaga - Tommi Paradais  - Chiello  ( Serena,Arisa,Levante: menzione d’onore perché sono incredibili luci. Quella che ballo di più è Samuraijay)",2026-02-27 10:23:36,2026,2,True,morning,10,13,17,0.4333333333333333,Culture,CAROUSEL,False,False,False,False,False,True,False,False,False,False,False,False,False,False,True,False,False,False,False,False,True,243,0,16.0,0,0,False,False,True,2,5,0.8705439814814815,1.6185185185185185,2,1,True,True,False,False,0,1,,0.0,0.0,,"['silviess' 'bicrovats' 'annaqua' 'est_radio' 'de__gusti__bus'
 'lollobarollo1' 'carlosabatucci' 'orbita_____']","['738222' '222899245' '291064089' '302389340' '361922573' '434157595'
 '1833402087' '8740395951']",[],[],[],,no
17882311659463230,"#adv Non so se sul lungo mare di Sanremo abbiamo rubato la scena, quello che so è che mi toccherà rubare degli occhiali da sole perché ho scoperto che cinque sono pochi. @zalando #zalando #WhatDoIWear",2026-02-27 16:07:30,2026,2,True,afternoon,16,3,4,0.4285714285714285,Beauty & Fashion,VIDEO_REELS,False,False,False,False,False,False,False,False,False,False,False,False,False,False,False,False,True,True,False,False,True,200,0,17.5,0,0,False,False,False,0,6,0.2388194444444444,1.857337962962963,2,1,False,False,False,False,0,1,,,,,,,,,,,no
18170654980400934,Voglio sapere la vostra prima posizione e se ne avete cinque come me.,2026-03-02 15:55:01,2026,3,False,afternoon,15,19,16,0.5428571428571428,Relatable Comedy,VIDEO_REELS,False,False,False,False,False,False,False,False,False,False,False,False,False,False,False,False,False,False,False,False,False,69,0,13.0,0,0,False,False,False,0,5,2.9913310185185185,2.9913310185185185,3,1,False,False,False,False,1,1,86.0999984741211,0.0,0.0,original_sounds,[],[],[],[],[],,no
18066841541274561,"Siccome mi state scrivendo cose interessantissime riguardo al q&a nelle storie, se ci va di riscriverle qui nei commenti almeno ne possono godere tutti e diventa un bel posto di confronto. ❤️",2026-03-03 18:41:12,2026,3,False,evening,18,7,8,0.4666666666666667,Community,CAROUSEL,False,False,False,False,False,False,False,False,False,False,False,False,False,False,False,False,False,False,False,False,False,190,0,32.0,0,0,True,False,False,1,5,1.115405092592593,4.106736111111111,3,0,False,False,False,False,1,0,,0.0,0.0,,[],[],[],[],[],,no
18174108946390703,"Domani esce un nuovo video su YouTube con un tema a me molto caro. Sapreste indovinare con chi ne ho parlato? Provate a mettere insieme Barbero, il tarocco del giudizio e Magic the Gathering. A domani, ore 14:00, sul canale. ✨  *link del canale in bio!",2026-03-04 11:40:43,2026,3,False,morning,11,7,11,0.3888888888888889,YouTube,CAROUSEL,False,False,False,False,False,False,False,False,False,False,False,False,False,False,False,False,False,False,False,False,False,252,0,9.2,1,1,False,False,True,1,6,0.7079976851851851,4.814733796296296,3,2,False,False,False,False,1,1,,0.0,0.0,,[],[],[],[],[],,no
18059779787689235,Nuova cami sbloccata: ✨camicorsetto✨   *questo l’ho preso usato su un sito secondhand🫰🏻,2026-03-04 19:03:12,2026,3,False,evening,19,66,243,0.2135922330097087,Relatable Comedy,VIDEO_REELS,False,False,False,False,False,False,False,False,False,False,False,False,False,False,False,False,False,False,False,False,False,86,0,12.0,0,0,False,False,True,3,7,0.3072800925925926,5.122013888888889,3,1,False,False,False,False,0,1,81.515,0.0,0.0,,[],[],[],[],[],,no
18027968147795545,"Oggi con @mr.marra parliamo del giudizio, un tema complesso che può essere affrontato da diverse angolazioni. Trovate la puntata intera su YouTube (link in bio). Sempre contenta di leggere le vostre impressioni! Grazie a Davide per la bellissima chiacchiera, ovviamente.",2026-03-05 13:45:35,2026,3,False,afternoon,13,7,7,0.5,YouTube,VIDEO_REELS,False,False,False,False,False,False,False,False,False,False,False,False,False,True,True,False,True,False,False,False,False,270,0,8.2,1,0,False,False,False,0,6,0.7794328703703703,5.901446759259259,3,2,False,False,False,False,1,0,73.08000183105469,0.0,1.0,original_sounds,['mr.marra'],['199750116'],['mr.marra'],['199750116'],[],,no
18070212692218640,Nella foto numero 10 troverete come colonna sonora quella che per me dovrebbe essere la nuova sigla dei Superpigiamini. Chiedo un vostro parere ma sono a tanto 🤏🏼 dal definirla hit planetaria.,2026-03-09 13:46:23,2026,3,False,afternoon,13,16,26,0.3809523809523809,Community,CAROUSEL,False,False,False,False,False,False,False,False,False,False,False,False,False,False,False,False,False,False,False,False,False,191,0,15.5,0,0,False,False,False,1,5,4.000555555555556,9.902002314814816,3,1,False,False,False,False,1,1,,0.0,0.0,,[],[],[],[],[],,no
18094461761009702,Famme magnà ritorna per rompere il silenzio sugli gnocchi di patate. ADESSO PARLO IO.,2026-03-10 11:52:28,2026,3,False,morning,11,51,164,0.2372093023255814,Cooking,VIDEO_REELS,False,False,False,False,False,False,False,False,False,False,False,False,False,False,False,False,False,False,False,False,False,85,0,7.0,0,0,False,False,False,0,5,0.9208912037037036,10.82289351851852,3,0,False,False,False,False,0,1,253.13299560546875,0.0,0.0,original_sounds,[],[],[],[],[],,no
17853940398682735,"Sul canale YouTube è uscita una nuova game night con @hanna.raponi, @francioposa e l’uomo che mette le scarpe nel freezer ovvero @guglielmoscilla. Ci siamo divertiti molto, spero vi piaccia!",2026-03-12 15:06:40,2026,3,False,afternoon,15,4,2,0.6666666666666666,YouTube,VIDEO_REELS,False,True,False,False,False,False,False,False,False,False,False,False,False,False,False,False,True,False,False,False,False,190,0,10.0,1,0,False,False,False,0,2,2.134861111111112,12.95775462962963,3,3,False,False,False,False,0,1,52.733001708984375,0.0,3.0,original_sounds,['guglielmoscilla' 'francioposa' 'hanna.raponi'],['10279523' '656550520' '1476250805'],[],[],[],,no
18023848505799831,✨Tra una settimana è primavera tra una settimana è primavera tra una settimana è primavera tra una settimana è primavera tra una settimana è primavera tra una settimana è primavera tra una settimana è primavera tra una settimana è primavera ✨,2026-03-15 09:47:33,2026,3,True,morning,9,21,27,0.4375,Private Life,CAROUSEL,False,False,False,False,False,False,False,False,False,False,False,False,False,False,False,False,False,False,False,False,False,242,0,40.0,0,0,False,False,True,2,3,2.778391203703704,15.736145833333332,3,0,False,False,False,False,0,1,,0.0,0.0,,[],[],[],[],[],,no
18017386379821407,Quando si sbaglia è importante riconoscerlo.,2026-03-17 12:44:10,2026,3,False,afternoon,12,48,191,0.200836820083682,Relatable Comedy,VIDEO_REELS,False,False,False,False,False,False,False,False,False,False,False,False,False,False,False,False,False,False,False,False,False,44,0,6.0,0,0,False,False,False,0,2,2.122650462962963,17.858796296296298,3,2,False,False,False,False,0,1,11.232999801635742,0.0,0.0,original_sounds,[],[],[],[],[],,no
18093827120283415,"Vi siete mai soffermati a pensare cosa ne pensate delle cose su cui ci si siede? No?!\nAvete fatto bene. \nIo invece si e questo è il risultato, il video completo è sul mio canale YouYube. \nLink in bio as usually.",2026-03-19 13:10:14,2026,3,False,afternoon,13,2,4,0.3333333333333333,YouTube,VIDEO_REELS,False,False,False,False,False,False,False,False,False,False,False,False,False,False,False,False,False,False,False,False,False,214,0,8.2,1,2,False,False,False,0,3,2.018101851851852,19.876898148148147,3,3,False,False,False,False,1,1,38.83300018310547,0.0,0.0,original_sounds,[],[],[],[],[],,no
